latitude,longitude,bright_ti4,scan,track,acq_date,acq_time,satellite,instrument,confidence,version,bright_ti5,frp,daynight,acq_datetime,confidence_score,event_id
29.80713,73.34641,332.94,0.42,0.61,2026-08-17,0735,N,VIIRS,n,2.0NRT,293.62,2.66,D,2026-08-17 07:35:00,0.6,0_2026-08-17
29.91381,71.71052,343.62,0.52,0.67,2026-08-17,0735,N,VIIRS,n,2.0NRT,292.7,13.13,D,2026-08-17 07:35:00,0.6,1_2026-08-17
29.91521,71.71583,367.0,0.52,0.67,2026-08-17,0735,N,VIIRS,h,2.0NRT,293.58,13.13,D,2026-08-17 07:35:00,0.9,2_2026-08-17
30.40925,72.10819,332.07,0.48,0.65,2026-08-17,0735,N,VIIRS,n,2.0NRT,291.74,3.26,D,2026-08-17 07:35:00,0.6,3_2026-08-17
30.53718,73.88202,331.82,0.38,0.59,2026-08-17,0735,N,VIIRS,n,2.0NRT,293.37,1.99,D,2026-08-17 07:35:00,0.6,4_2026-08-17
31.58373,72.28916,341.91,0.52,0.66,2026-08-17,0917,N,VIIRS,n,2.0NRT,290.64,3.03,D,2026-08-17 09:17:00,0.6,5_2026-08-17
21.10202,72.64528,306.41,0.71,0.75,2026-08-17,2002,N,VIIRS,n,2.0NRT,282.12,2.69,N,2026-08-17 20:02:00,0.6,6_2026-08-17
21.1071,72.64555,308.27,0.71,0.75,2026-08-17,2002,N,VIIRS,n,2.0NRT,282.02,3.43,N,2026-08-17 20:02:00,0.6,7_2026-08-17
29.90467,72.59055,343.08,0.54,0.51,2026-08-18,0858,N,VIIRS,n,2.0NRT,294.96,11.88,D,2026-08-18 08:58:00,0.6,8_2026-08-18
30.01328,72.56928,330.36,0.54,0.51,2026-08-18,0858,N,VIIRS,n,2.0NRT,294.94,2.25,D,2026-08-18 08:58:00,0.6,9_2026-08-18
30.4691,73.88613,341.11,0.33,0.55,2026-08-18,0858,N,VIIRS,n,2.0NRT,292.43,2.81,D,2026-08-18 08:58:00,0.6,10_2026-08-18
30.47086,73.88448,334.87,0.33,0.55,2026-08-18,0858,N,VIIRS,n,2.0NRT,292.14,2.56,D,2026-08-18 08:58:00,0.6,11_2026-08-18
30.47113,73.88796,330.45,0.33,0.55,2026-08-18,0858,N,VIIRS,n,2.0NRT,291.9,3.08,D,2026-08-18 08:58:00,0.6,12_2026-08-18
30.64728,71.75764,332.31,0.49,0.49,2026-08-18,0858,N,VIIRS,n,2.0NRT,294.96,2.99,D,2026-08-18 08:58:00,0.6,13_2026-08-18
30.889,72.16714,341.14,0.52,0.5,2026-08-18,0858,N,VIIRS,n,2.0NRT,294.79,3.49,D,2026-08-18 08:58:00,0.6,14_2026-08-18
27.00237,82.48734,295.81,0.39,0.59,2026-08-18,1942,N,VIIRS,n,2.0NRT,285.39,2.13,N,2026-08-18 19:42:00,0.6,15_2026-08-18
27.53036,77.65813,311.81,0.78,0.78,2026-08-18,1942,N,VIIRS,n,2.0NRT,282.43,2.76,N,2026-08-18 19:42:00,0.6,16_2026-08-18
27.5312,77.66014,312.08,0.78,0.78,2026-08-18,1942,N,VIIRS,n,2.0NRT,282.5,2.9,N,2026-08-18 19:42:00,0.6,17_2026-08-18
26.25886,74.09746,302.57,0.44,0.46,2026-08-18,2125,N,VIIRS,n,2.0NRT,284.31,0.44,N,2026-08-18 21:25:00,0.6,18_2026-08-18
20.95116,86.04971,330.14,0.42,0.61,2026-08-19,0657,N,VIIRS,n,2.0NRT,287.21,4.92,D,2026-08-19 06:57:00,0.6,19_2026-08-19
21.1031,72.63488,331.79,0.39,0.36,2026-08-19,0835,N,VIIRS,n,2.0NRT,289.06,1.57,D,2026-08-19 08:35:00,0.6,20_2026-08-19
26.3985,71.93286,338.78,0.41,0.37,2026-08-19,0837,N,VIIRS,n,2.0NRT,307.98,4.5,D,2026-08-19 08:37:00,0.6,21_2026-08-19
29.90848,74.94983,333.01,0.39,0.44,2026-08-19,0839,N,VIIRS,n,2.0NRT,295.88,3.03,D,2026-08-19 08:39:00,0.6,22_2026-08-19
29.95266,72.0762,339.04,0.44,0.38,2026-08-19,0839,N,VIIRS,n,2.0NRT,300.62,4.51,D,2026-08-19 08:39:00,0.6,23_2026-08-19
29.95557,72.60442,331.66,0.46,0.39,2026-08-19,0839,N,VIIRS,n,2.0NRT,300.19,3.23,D,2026-08-19 08:39:00,0.6,24_2026-08-19
29.96772,71.26892,341.22,0.41,0.37,2026-08-19,0839,N,VIIRS,n,2.0NRT,302.05,7.85,D,2026-08-19 08:39:00,0.6,25_2026-08-19
29.96822,71.26781,340.56,0.41,0.37,2026-08-19,0839,N,VIIRS,n,2.0NRT,302.08,6.72,D,2026-08-19 08:39:00,0.6,26_2026-08-19
29.97297,72.62572,339.54,0.46,0.39,2026-08-19,0839,N,VIIRS,n,2.0NRT,299.08,7.35,D,2026-08-19 08:39:00,0.6,27_2026-08-19
29.97413,72.18383,347.71,0.44,0.38,2026-08-19,0839,N,VIIRS,n,2.0NRT,300.65,5.89,D,2026-08-19 08:39:00,0.6,28_2026-08-19
29.97657,72.62513,336.9,0.46,0.39,2026-08-19,0839,N,VIIRS,n,2.0NRT,296.93,7.35,D,2026-08-19 08:39:00,0.6,29_2026-08-19
29.97767,72.18323,331.41,0.44,0.38,2026-08-19,0839,N,VIIRS,n,2.0NRT,298.32,5.89,D,2026-08-19 08:39:00,0.6,30_2026-08-19
30.0102,72.62923,338.31,0.46,0.39,2026-08-19,0839,N,VIIRS,n,2.0NRT,300.6,5.91,D,2026-08-19 08:39:00,0.6,31_2026-08-19
30.01081,72.63397,331.26,0.46,0.39,2026-08-19,0839,N,VIIRS,n,2.0NRT,297.94,9.02,D,2026-08-19 08:39:00,0.6,32_2026-08-19
30.01381,72.62862,337.11,0.46,0.39,2026-08-19,0839,N,VIIRS,n,2.0NRT,297.92,5.91,D,2026-08-19 08:39:00,0.6,33_2026-08-19
30.12338,71.33872,333.13,0.41,0.37,2026-08-19,0839,N,VIIRS,n,2.0NRT,300.03,2.27,D,2026-08-19 08:39:00,0.6,34_2026-08-19
30.32764,72.14849,336.66,0.44,0.38,2026-08-19,0839,N,VIIRS,n,2.0NRT,299.23,2.77,D,2026-08-19 08:39:00,0.6,35_2026-08-19
30.32824,72.15308,334.61,0.44,0.38,2026-08-19,0839,N,VIIRS,n,2.0NRT,297.49,2.77,D,2026-08-19 08:39:00,0.6,36_2026-08-19
30.41897,71.74954,332.68,0.43,0.38,2026-08-19,0839,N,VIIRS,n,2.0NRT,297.94,3.1,D,2026-08-19 08:39:00,0.6,37_2026-08-19
30.43392,73.87374,338.98,0.53,0.42,2026-08-19,0839,N,VIIRS,n,2.0NRT,296.91,7.54,D,2026-08-19 08:39:00,0.6,38_2026-08-19
30.63585,73.59945,336.02,0.51,0.41,2026-08-19,0839,N,VIIRS,n,2.0NRT,293.37,2.33,D,2026-08-19 08:39:00,0.6,39_2026-08-19
30.63913,71.97771,338.85,0.44,0.38,2026-08-19,0839,N,VIIRS,n,2.0NRT,297.14,2.9,D,2026-08-19 08:39:00,0.6,40_2026-08-19
30.89714,71.94514,334.7,0.44,0.38,2026-08-19,0839,N,VIIRS,n,2.0NRT,297.31,4.05,D,2026-08-19 08:39:00,0.6,41_2026-08-19
31.52647,72.2468,337.63,0.46,0.39,2026-08-19,0839,N,VIIRS,n,2.0NRT,296.36,6.98,D,2026-08-19 08:39:00,0.6,42_2026-08-19
20.94607,86.04922,305.35,0.4,0.6,2026-08-19,1923,N,VIIRS,n,2.0NRT,287.13,1.2,N,2026-08-19 19:23:00,0.6,43_2026-08-19
20.95163,86.04997,306.94,0.4,0.6,2026-08-19,1923,N,VIIRS,n,2.0NRT,286.95,1.2,N,2026-08-19 19:23:00,0.6,44_2026-08-19
20.95201,86.04612,322.73,0.4,0.6,2026-08-19,1923,N,VIIRS,n,2.0NRT,287.32,3.94,N,2026-08-19 19:23:00,0.6,45_2026-08-19
20.96893,85.17625,315.76,0.46,0.63,2026-08-19,1923,N,VIIRS,n,2.0NRT,285.58,1.5,N,2026-08-19 19:23:00,0.6,46_2026-08-19
20.97523,85.17226,303.35,0.46,0.63,2026-08-19,1923,N,VIIRS,n,2.0NRT,285.27,1.5,N,2026-08-19 19:23:00,0.6,47_2026-08-19
20.99886,86.01447,307.0,0.4,0.6,2026-08-19,1923,N,VIIRS,n,2.0NRT,287.07,0.94,N,2026-08-19 19:23:00,0.6,48_2026-08-19
20.99923,86.01053,307.18,0.4,0.6,2026-08-19,1923,N,VIIRS,n,2.0NRT,286.89,1.12,N,2026-08-19 19:23:00,0.6,49_2026-08-19
21.00053,86.01202,309.94,0.4,0.6,2026-08-19,1923,N,VIIRS,n,2.0NRT,287.39,1.62,N,2026-08-19 19:23:00,0.6,50_2026-08-19
21.07631,85.046,304.51,0.47,0.64,2026-08-19,1923,N,VIIRS,n,2.0NRT,284.84,1.01,N,2026-08-19 19:23:00,0.6,51_2026-08-19
21.07718,85.03671,307.33,0.47,0.64,2026-08-19,1923,N,VIIRS,n,2.0NRT,285.01,2.6,N,2026-08-19 19:23:00,0.6,52_2026-08-19
22.36426,87.01864,317.31,0.36,0.57,2026-08-19,1923,N,VIIRS,n,2.0NRT,288.0,1.23,N,2026-08-19 19:23:00,0.6,53_2026-08-19
22.57185,85.89693,310.32,0.43,0.62,2026-08-19,1923,N,VIIRS,n,2.0NRT,287.17,1.56,N,2026-08-19 19:23:00,0.6,54_2026-08-19
22.58936,85.90438,305.62,0.43,0.62,2026-08-19,1923,N,VIIRS,n,2.0NRT,287.33,1.15,N,2026-08-19 19:23:00,0.6,55_2026-08-19
22.61078,85.91381,303.74,0.43,0.62,2026-08-19,1923,N,VIIRS,n,2.0NRT,286.77,0.49,N,2026-08-19 19:23:00,0.6,56_2026-08-19
22.79074,86.20767,307.3,0.41,0.61,2026-08-19,1923,N,VIIRS,n,2.0NRT,285.79,1.58,N,2026-08-19 19:23:00,0.6,57_2026-08-19
23.56008,87.08398,298.21,0.37,0.58,2026-08-19,1923,N,VIIRS,n,2.0NRT,276.82,0.72,N,2026-08-19 19:23:00,0.6,58_2026-08-19
23.56234,87.08282,301.66,0.37,0.58,2026-08-19,1923,N,VIIRS,n,2.0NRT,277.02,1.05,N,2026-08-19 19:23:00,0.6,59_2026-08-19
23.68837,87.1004,302.69,0.37,0.58,2026-08-19,1923,N,VIIRS,n,2.0NRT,283.48,1.21,N,2026-08-19 19:23:00,0.6,60_2026-08-19
23.68871,87.09673,302.28,0.37,0.58,2026-08-19,1923,N,VIIRS,n,2.0NRT,285.59,1.73,N,2026-08-19 19:23:00,0.6,61_2026-08-19
23.69172,87.12292,310.51,0.37,0.58,2026-08-19,1923,N,VIIRS,n,2.0NRT,284.78,2.18,N,2026-08-19 19:23:00,0.6,62_2026-08-19
23.69341,87.10468,302.52,0.37,0.58,2026-08-19,1923,N,VIIRS,n,2.0NRT,285.04,1.21,N,2026-08-19 19:23:00,0.6,63_2026-08-19
23.69443,87.0937,307.52,0.37,0.58,2026-08-19,1923,N,VIIRS,n,2.0NRT,285.64,1.73,N,2026-08-19 19:23:00,0.6,64_2026-08-19
20.80461,85.25742,307.64,0.45,0.63,2026-08-19,1925,N,VIIRS,n,2.0NRT,285.28,1.98,N,2026-08-19 19:25:00,0.6,65_2026-08-19
20.96412,85.1883,308.22,0.45,0.63,2026-08-19,1925,N,VIIRS,n,2.0NRT,285.69,2.18,N,2026-08-19 19:25:00,0.6,66_2026-08-19
20.96539,85.175,308.01,0.46,0.63,2026-08-19,1925,N,VIIRS,n,2.0NRT,285.56,2.73,N,2026-08-19 19:25:00,0.6,67_2026-08-19
20.96581,85.17046,312.59,0.46,0.63,2026-08-19,1925,N,VIIRS,n,2.0NRT,285.52,3.26,N,2026-08-19 19:25:00,0.6,68_2026-08-19
20.97085,85.18008,306.86,0.46,0.63,2026-08-19,1925,N,VIIRS,n,2.0NRT,285.19,1.2,N,2026-08-19 19:25:00,0.6,69_2026-08-19
20.97128,85.17556,307.44,0.46,0.63,2026-08-19,1925,N,VIIRS,n,2.0NRT,285.47,1.2,N,2026-08-19 19:25:00,0.6,70_2026-08-19
31.24975,76.93059,298.28,0.45,0.39,2026-08-19,2101,N,VIIRS,n,2.0NRT,276.07,0.32,N,2026-08-19 21:01:00,0.6,71_2026-08-19
31.25838,76.92349,296.85,0.45,0.39,2026-08-19,2101,N,VIIRS,n,2.0NRT,278.55,0.41,N,2026-08-19 21:01:00,0.6,72_2026-08-19
20.96749,86.01265,320.45,0.78,0.78,2026-08-19,2104,N,VIIRS,n,2.0NRT,284.02,6.1,N,2026-08-19 21:04:00,0.6,73_2026-08-19
20.99709,86.02748,304.22,0.78,0.78,2026-08-19,2104,N,VIIRS,n,2.0NRT,284.09,1.34,N,2026-08-19 21:04:00,0.6,74_2026-08-19
21.00072,86.03053,302.51,0.78,0.78,2026-08-19,2104,N,VIIRS,n,2.0NRT,283.95,0.67,N,2026-08-19 21:04:00,0.6,75_2026-08-19
22.78883,86.20107,300.7,0.73,0.76,2026-08-19,2104,N,VIIRS,n,2.0NRT,284.83,3.62,N,2026-08-19 21:04:00,0.6,76_2026-08-19
22.80233,86.09171,302.09,0.72,0.75,2026-08-19,2104,N,VIIRS,n,2.0NRT,284.97,2.03,N,2026-08-19 21:04:00,0.6,77_2026-08-19
22.87391,86.06372,304.33,0.71,0.75,2026-08-19,2104,N,VIIRS,n,2.0NRT,284.84,1.74,N,2026-08-19 21:04:00,0.6,78_2026-08-19
22.87589,86.06185,306.21,0.71,0.75,2026-08-19,2104,N,VIIRS,n,2.0NRT,284.44,1.9,N,2026-08-19 21:04:00,0.6,79_2026-08-19
23.68032,86.39847,297.79,0.71,0.75,2026-08-19,2104,N,VIIRS,n,2.0NRT,271.76,3.34,N,2026-08-19 21:04:00,0.6,80_2026-08-19
23.68212,86.39163,300.13,0.71,0.75,2026-08-19,2104,N,VIIRS,n,2.0NRT,272.32,2.84,N,2026-08-19 21:04:00,0.6,81_2026-08-19
23.69582,87.09637,297.9,0.78,0.78,2026-08-19,2104,N,VIIRS,n,2.0NRT,273.75,2.39,N,2026-08-19 21:04:00,0.6,82_2026-08-19
23.69837,87.09444,296.23,0.78,0.78,2026-08-19,2104,N,VIIRS,n,2.0NRT,273.35,2.73,N,2026-08-19 21:04:00,0.6,83_2026-08-19
23.76052,86.40015,302.24,0.71,0.75,2026-08-19,2104,N,VIIRS,n,2.0NRT,274.57,4.7,N,2026-08-19 21:04:00,0.6,84_2026-08-19
24.14009,82.70357,300.69,0.42,0.61,2026-08-19,2104,N,VIIRS,n,2.0NRT,285.61,0.72,N,2026-08-19 21:04:00,0.6,85_2026-08-19
25.94172,72.19282,315.34,0.38,0.36,2026-08-19,2104,N,VIIRS,n,2.0NRT,295.0,1.78,N,2026-08-19 21:04:00,0.6,86_2026-08-19
26.25635,74.09737,308.4,0.4,0.37,2026-08-19,2104,N,VIIRS,n,2.0NRT,293.69,0.62,N,2026-08-19 21:04:00,0.6,87_2026-08-19
26.87381,73.5167,308.59,0.39,0.36,2026-08-19,2104,N,VIIRS,n,2.0NRT,293.46,2.95,N,2026-08-19 21:04:00,0.6,88_2026-08-19
26.87778,73.51348,301.9,0.39,0.36,2026-08-19,2104,N,VIIRS,n,2.0NRT,287.87,1.56,N,2026-08-19 21:04:00,0.6,89_2026-08-19
29.12563,75.77744,307.57,0.43,0.38,2026-08-19,2104,N,VIIRS,n,2.0NRT,292.72,2.07,N,2026-08-19 21:04:00,0.6,90_2026-08-19
20.75702,85.29877,301.57,0.71,0.75,2026-08-19,2106,N,VIIRS,n,2.0NRT,283.57,2.06,N,2026-08-19 21:06:00,0.6,91_2026-08-19
20.75727,85.29929,303.61,0.71,0.75,2026-08-19,2106,N,VIIRS,n,2.0NRT,283.86,1.49,N,2026-08-19 21:06:00,0.6,92_2026-08-19
20.75867,85.29228,302.97,0.71,0.75,2026-08-19,2106,N,VIIRS,n,2.0NRT,283.55,2.06,N,2026-08-19 21:06:00,0.6,93_2026-08-19
20.75887,85.29279,305.28,0.71,0.75,2026-08-19,2106,N,VIIRS,n,2.0NRT,283.96,2.83,N,2026-08-19 21:06:00,0.6,94_2026-08-19
20.78761,85.26431,302.5,0.71,0.75,2026-08-19,2106,N,VIIRS,n,2.0NRT,283.34,2.28,N,2026-08-19 21:06:00,0.6,95_2026-08-19
20.79777,85.25298,306.61,0.71,0.75,2026-08-19,2106,N,VIIRS,n,2.0NRT,283.39,4.38,N,2026-08-19 21:06:00,0.6,96_2026-08-19
20.79788,85.25243,305.54,0.71,0.75,2026-08-19,2106,N,VIIRS,n,2.0NRT,283.36,2.83,N,2026-08-19 21:06:00,0.6,97_2026-08-19
20.86326,84.99146,298.26,0.68,0.74,2026-08-19,2106,N,VIIRS,n,2.0NRT,282.38,2.29,N,2026-08-19 21:06:00,0.6,98_2026-08-19
20.95084,86.04825,304.82,0.78,0.78,2026-08-19,2106,N,VIIRS,n,2.0NRT,283.78,2.2,N,2026-08-19 21:06:00,0.6,99_2026-08-19
20.96339,85.16812,305.31,0.69,0.74,2026-08-19,2106,N,VIIRS,n,2.0NRT,283.71,2.94,N,2026-08-19 21:06:00,0.6,100_2026-08-19
20.96512,85.19021,306.9,0.69,0.75,2026-08-19,2106,N,VIIRS,n,2.0NRT,283.52,2.37,N,2026-08-19 21:06:00,0.6,101_2026-08-19
20.96682,85.18336,311.96,0.69,0.74,2026-08-19,2106,N,VIIRS,n,2.0NRT,283.3,2.37,N,2026-08-19 21:06:00,0.6,102_2026-08-19
20.96847,85.17673,310.25,0.69,0.74,2026-08-19,2106,N,VIIRS,n,2.0NRT,283.36,3.04,N,2026-08-19 21:06:00,0.6,103_2026-08-19
20.9701,85.17019,319.84,0.69,0.74,2026-08-19,2106,N,VIIRS,n,2.0NRT,283.67,3.04,N,2026-08-19 21:06:00,0.6,104_2026-08-19
20.9768,85.17226,305.85,0.69,0.74,2026-08-19,2106,N,VIIRS,n,2.0NRT,283.58,3.04,N,2026-08-19 21:06:00,0.6,105_2026-08-19
20.97829,85.13718,300.87,0.69,0.74,2026-08-19,2106,N,VIIRS,n,2.0NRT,283.46,1.89,N,2026-08-19 21:06:00,0.6,106_2026-08-19
20.97995,85.13054,305.17,0.69,0.74,2026-08-19,2106,N,VIIRS,n,2.0NRT,283.4,1.89,N,2026-08-19 21:06:00,0.6,107_2026-08-19
21.07434,85.03826,296.86,0.68,0.74,2026-08-19,2106,N,VIIRS,n,2.0NRT,283.23,1.92,N,2026-08-19 21:06:00,0.6,108_2026-08-19
21.081,85.04028,296.85,0.68,0.74,2026-08-19,2106,N,VIIRS,n,2.0NRT,283.39,1.92,N,2026-08-19 21:06:00,0.6,109_2026-08-19
20.95271,86.0482,329.15,0.37,0.58,2026-08-20,0818,N,VIIRS,n,2.0NRT,287.39,4.49,D,2026-08-20 08:18:00,0.6,110_2026-08-20
20.96745,86.01298,349.96,0.37,0.58,2026-08-20,0818,N,VIIRS,n,2.0NRT,288.46,7.71,D,2026-08-20 08:18:00,0.6,111_2026-08-20
21.10092,72.63459,334.49,0.47,0.4,2026-08-20,0818,N,VIIRS,n,2.0NRT,296.82,10.43,D,2026-08-20 08:18:00,0.6,112_2026-08-20
21.10331,72.64813,335.83,0.47,0.4,2026-08-20,0818,N,VIIRS,l,2.0NRT,297.18,7.57,D,2026-08-20 08:18:00,0.3,113_2026-08-20
21.10694,72.64742,340.92,0.47,0.4,2026-08-20,0818,N,VIIRS,n,2.0NRT,299.37,13.54,D,2026-08-20 08:18:00,0.6,114_2026-08-20
24.80284,71.78471,338.32,0.46,0.39,2026-08-20,0820,N,VIIRS,n,2.0NRT,297.97,4.64,D,2026-08-20 08:20:00,0.6,115_2026-08-20
30.40259,73.87827,340.93,0.38,0.36,2026-08-20,0820,N,VIIRS,n,2.0NRT,299.56,3.35,D,2026-08-20 08:20:00,0.6,116_2026-08-20
30.43244,73.96255,334.16,0.38,0.36,2026-08-20,0820,N,VIIRS,n,2.0NRT,301.78,4.15,D,2026-08-20 08:20:00,0.6,117_2026-08-20
31.14108,73.58968,330.28,0.38,0.36,2026-08-20,0820,N,VIIRS,l,2.0NRT,302.73,5.6,D,2026-08-20 08:20:00,0.3,118_2026-08-20
22.36236,87.01414,296.48,0.72,0.76,2026-08-20,1906,N,VIIRS,n,2.0NRT,274.4,2.1,N,2026-08-20 19:06:00,0.6,119_2026-08-20
22.36499,87.0154,298.17,0.72,0.76,2026-08-20,1906,N,VIIRS,n,2.0NRT,274.56,2.08,N,2026-08-20 19:06:00,0.6,120_2026-08-20
23.69259,87.12586,295.1,0.73,0.76,2026-08-20,1906,N,VIIRS,n,2.0NRT,272.1,0.75,N,2026-08-20 19:06:00,0.6,121_2026-08-20
23.69308,87.11836,299.47,0.73,0.76,2026-08-20,1906,N,VIIRS,n,2.0NRT,272.76,0.75,N,2026-08-20 19:06:00,0.6,122_2026-08-20
23.69355,87.111,298.67,0.73,0.76,2026-08-20,1906,N,VIIRS,n,2.0NRT,273.4,0.98,N,2026-08-20 19:06:00,0.6,123_2026-08-20
23.69403,87.10361,297.31,0.73,0.76,2026-08-20,1906,N,VIIRS,n,2.0NRT,273.74,0.98,N,2026-08-20 19:06:00,0.6,124_2026-08-20
23.69451,87.0962,296.66,0.73,0.76,2026-08-20,1906,N,VIIRS,n,2.0NRT,273.52,2.15,N,2026-08-20 19:06:00,0.6,125_2026-08-20
23.69583,87.12293,298.65,0.73,0.76,2026-08-20,1906,N,VIIRS,n,2.0NRT,274.04,1.59,N,2026-08-20 19:06:00,0.6,126_2026-08-20
23.69627,87.11548,295.82,0.73,0.76,2026-08-20,1906,N,VIIRS,n,2.0NRT,272.87,0.63,N,2026-08-20 19:06:00,0.6,127_2026-08-20
23.69671,87.10807,296.93,0.73,0.76,2026-08-20,1906,N,VIIRS,n,2.0NRT,273.98,0.63,N,2026-08-20 19:06:00,0.6,128_2026-08-20
23.69758,87.09327,298.4,0.73,0.76,2026-08-20,1906,N,VIIRS,n,2.0NRT,275.21,1.38,N,2026-08-20 19:06:00,0.6,129_2026-08-20
28.27534,77.18294,302.62,0.38,0.36,2026-08-20,2044,N,VIIRS,n,2.0NRT,283.37,0.74,N,2026-08-20 20:44:00,0.6,130_2026-08-20
28.77214,76.70122,310.21,0.39,0.36,2026-08-20,2044,N,VIIRS,n,2.0NRT,289.31,2.28,N,2026-08-20 20:44:00,0.6,131_2026-08-20
29.45876,76.86543,316.16,0.39,0.36,2026-08-20,2044,N,VIIRS,n,2.0NRT,292.37,3.34,N,2026-08-20 20:44:00,0.6,132_2026-08-20
29.91072,74.94928,307.57,0.44,0.38,2026-08-20,2044,N,VIIRS,n,2.0NRT,292.31,2.62,N,2026-08-20 20:44:00,0.6,133_2026-08-20
31.2492,76.92705,304.76,0.4,0.37,2026-08-20,2044,N,VIIRS,n,2.0NRT,288.69,0.66,N,2026-08-20 20:44:00,0.6,134_2026-08-20
31.25985,76.92484,302.16,0.4,0.37,2026-08-20,2044,N,VIIRS,n,2.0NRT,289.51,0.5,N,2026-08-20 20:44:00,0.6,135_2026-08-20
20.96533,86.01462,308.0,0.4,0.6,2026-08-20,2046,N,VIIRS,n,2.0NRT,282.04,1.93,N,2026-08-20 20:46:00,0.6,136_2026-08-20
20.96588,86.01382,318.18,0.4,0.6,2026-08-20,2046,N,VIIRS,n,2.0NRT,282.08,1.91,N,2026-08-20 20:46:00,0.6,137_2026-08-20
20.96618,86.01083,309.48,0.4,0.6,2026-08-20,2046,N,VIIRS,n,2.0NRT,281.45,1.93,N,2026-08-20 20:46:00,0.6,138_2026-08-20
20.96671,86.01003,302.63,0.4,0.6,2026-08-20,2046,N,VIIRS,n,2.0NRT,280.92,1.91,N,2026-08-20 20:46:00,0.6,139_2026-08-20
20.96791,86.00322,300.73,0.4,0.6,2026-08-20,2046,N,VIIRS,n,2.0NRT,280.79,2.6,N,2026-08-20 20:46:00,0.6,140_2026-08-20
22.08609,83.11594,316.03,0.5,0.49,2026-08-20,2046,N,VIIRS,n,2.0NRT,286.41,2.44,N,2026-08-20 20:46:00,0.6,141_2026-08-20
22.78398,86.20503,301.39,0.37,0.58,2026-08-20,2046,N,VIIRS,n,2.0NRT,279.38,0.97,N,2026-08-20 20:46:00,0.6,142_2026-08-20
22.78599,86.20644,305.61,0.37,0.58,2026-08-20,2046,N,VIIRS,n,2.0NRT,279.74,0.78,N,2026-08-20 20:46:00,0.6,143_2026-08-20
22.78678,86.20286,301.24,0.37,0.58,2026-08-20,2046,N,VIIRS,n,2.0NRT,278.89,0.78,N,2026-08-20 20:46:00,0.6,144_2026-08-20
22.78835,86.19575,298.96,0.37,0.58,2026-08-20,2046,N,VIIRS,n,2.0NRT,273.72,0.55,N,2026-08-20 20:46:00,0.6,145_2026-08-20
22.78925,86.20647,305.09,0.37,0.58,2026-08-20,2046,N,VIIRS,n,2.0NRT,279.7,0.89,N,2026-08-20 20:46:00,0.6,146_2026-08-20
22.79088,86.19932,298.49,0.37,0.58,2026-08-20,2046,N,VIIRS,n,2.0NRT,275.6,0.37,N,2026-08-20 20:46:00,0.6,147_2026-08-20
22.79169,86.19576,299.44,0.37,0.58,2026-08-20,2046,N,VIIRS,n,2.0NRT,271.1,0.37,N,2026-08-20 20:46:00,0.6,148_2026-08-20
22.79364,86.19712,297.16,0.37,0.58,2026-08-20,2046,N,VIIRS,n,2.0NRT,272.18,0.58,N,2026-08-20 20:46:00,0.6,149_2026-08-20
22.7945,86.20801,299.78,0.37,0.58,2026-08-20,2046,N,VIIRS,n,2.0NRT,277.36,0.89,N,2026-08-20 20:46:00,0.6,150_2026-08-20
22.7973,86.20584,304.34,0.37,0.58,2026-08-20,2046,N,VIIRS,n,2.0NRT,275.14,1.63,N,2026-08-20 20:46:00,0.6,151_2026-08-20
22.80075,86.08921,313.38,0.37,0.58,2026-08-20,2046,N,VIIRS,n,2.0NRT,284.61,1.75,N,2026-08-20 20:46:00,0.6,152_2026-08-20
22.81689,86.08504,301.13,0.37,0.58,2026-08-20,2046,N,VIIRS,n,2.0NRT,281.23,0.24,N,2026-08-20 20:46:00,0.6,153_2026-08-20
22.81808,86.08607,302.52,0.37,0.58,2026-08-20,2046,N,VIIRS,n,2.0NRT,281.19,0.22,N,2026-08-20 20:46:00,0.6,154_2026-08-20
23.51662,87.27167,303.04,0.42,0.61,2026-08-20,2046,N,VIIRS,n,2.0NRT,280.4,0.73,N,2026-08-20 20:46:00,0.6,155_2026-08-20
23.5566,87.23922,303.93,0.42,0.61,2026-08-20,2046,N,VIIRS,n,2.0NRT,274.86,0.94,N,2026-08-20 20:46:00,0.6,156_2026-08-20
23.5599,87.08255,308.76,0.41,0.6,2026-08-20,2046,N,VIIRS,n,2.0NRT,284.24,1.07,N,2026-08-20 20:46:00,0.6,157_2026-08-20
23.56212,87.24074,303.44,0.42,0.61,2026-08-20,2046,N,VIIRS,n,2.0NRT,273.47,0.94,N,2026-08-20 20:46:00,0.6,158_2026-08-20
23.56388,87.08366,310.88,0.41,0.6,2026-08-20,2046,N,VIIRS,n,2.0NRT,284.26,1.58,N,2026-08-20 20:46:00,0.6,159_2026-08-20
23.61454,86.79183,304.84,0.39,0.59,2026-08-20,2046,N,VIIRS,n,2.0NRT,283.34,0.68,N,2026-08-20 20:46:00,0.6,160_2026-08-20
23.61549,86.78763,303.7,0.39,0.59,2026-08-20,2046,N,VIIRS,n,2.0NRT,283.3,0.68,N,2026-08-20 20:46:00,0.6,161_2026-08-20
23.61622,85.42603,302.01,0.32,0.55,2026-08-20,2046,N,VIIRS,n,2.0NRT,285.62,0.49,N,2026-08-20 20:46:00,0.6,162_2026-08-20
23.64966,85.43914,314.37,0.32,0.55,2026-08-20,2046,N,VIIRS,n,2.0NRT,284.87,0.69,N,2026-08-20 20:46:00,0.6,163_2026-08-20
23.65035,85.43598,305.16,0.32,0.55,2026-08-20,2046,N,VIIRS,n,2.0NRT,284.58,0.69,N,2026-08-20 20:46:00,0.6,164_2026-08-20
23.65573,85.50697,308.42,0.32,0.55,2026-08-20,2046,N,VIIRS,n,2.0NRT,284.46,1.16,N,2026-08-20 20:46:00,0.6,165_2026-08-20
23.66165,85.55202,303.54,0.33,0.55,2026-08-20,2046,N,VIIRS,n,2.0NRT,284.34,0.37,N,2026-08-20 20:46:00,0.6,166_2026-08-20
23.66331,87.15736,296.41,0.41,0.61,2026-08-20,2046,N,VIIRS,n,2.0NRT,264.16,0.27,N,2026-08-20 20:46:00,0.6,167_2026-08-20
23.66421,87.1534,298.63,0.41,0.61,2026-08-20,2046,N,VIIRS,n,2.0NRT,264.14,0.31,N,2026-08-20 20:46:00,0.6,168_2026-08-20
23.66743,86.9369,307.82,0.4,0.6,2026-08-20,2046,N,VIIRS,n,2.0NRT,282.4,0.73,N,2026-08-20 20:46:00,0.6,169_2026-08-20
23.66762,86.09156,306.33,0.35,0.57,2026-08-20,2046,N,VIIRS,n,2.0NRT,286.03,0.94,N,2026-08-20 20:46:00,0.6,170_2026-08-20
23.67428,86.08614,306.76,0.35,0.57,2026-08-20,2046,N,VIIRS,n,2.0NRT,286.31,1.08,N,2026-08-20 20:46:00,0.6,171_2026-08-20
23.67467,86.40192,306.13,0.37,0.58,2026-08-20,2046,N,VIIRS,n,2.0NRT,284.73,0.95,N,2026-08-20 20:46:00,0.6,172_2026-08-20
23.67549,86.39829,307.45,0.37,0.58,2026-08-20,2046,N,VIIRS,n,2.0NRT,284.27,0.95,N,2026-08-20 20:46:00,0.6,173_2026-08-20
23.6763,86.39473,308.25,0.37,0.58,2026-08-20,2046,N,VIIRS,n,2.0NRT,284.09,1.46,N,2026-08-20 20:46:00,0.6,174_2026-08-20
23.67731,86.07244,302.65,0.35,0.57,2026-08-20,2046,N,VIIRS,n,2.0NRT,285.32,1.04,N,2026-08-20 20:46:00,0.6,175_2026-08-20
23.68017,86.08412,305.76,0.35,0.57,2026-08-20,2046,N,VIIRS,n,2.0NRT,286.04,1.56,N,2026-08-20 20:46:00,0.6,176_2026-08-20
23.68076,86.39959,303.5,0.37,0.58,2026-08-20,2046,N,VIIRS,n,2.0NRT,284.68,0.95,N,2026-08-20 20:46:00,0.6,177_2026-08-20
23.68078,86.08385,307.33,0.35,0.57,2026-08-20,2046,N,VIIRS,n,2.0NRT,286.05,1.77,N,2026-08-20 20:46:00,0.6,178_2026-08-20
23.68157,86.39599,308.75,0.37,0.58,2026-08-20,2046,N,VIIRS,n,2.0NRT,284.97,1.46,N,2026-08-20 20:46:00,0.6,179_2026-08-20
23.68236,86.39249,312.1,0.37,0.58,2026-08-20,2046,N,VIIRS,n,2.0NRT,285.51,1.46,N,2026-08-20 20:46:00,0.6,180_2026-08-20
23.68763,86.39378,308.4,0.37,0.58,2026-08-20,2046,N,VIIRS,n,2.0NRT,285.7,1.11,N,2026-08-20 20:46:00,0.6,181_2026-08-20
23.68785,87.10063,301.76,0.41,0.6,2026-08-20,2046,N,VIIRS,n,2.0NRT,276.75,1.13,N,2026-08-20 20:46:00,0.6,182_2026-08-20
23.68841,86.39032,305.25,0.37,0.58,2026-08-20,2046,N,VIIRS,n,2.0NRT,285.93,1.63,N,2026-08-20 20:46:00,0.6,183_2026-08-20
23.69202,87.10435,298.55,0.41,0.6,2026-08-20,2046,N,VIIRS,n,2.0NRT,275.24,1.24,N,2026-08-20 20:46:00,0.6,184_2026-08-20
23.69376,87.12176,305.75,0.41,0.6,2026-08-20,2046,N,VIIRS,n,2.0NRT,277.41,1.51,N,2026-08-20 20:46:00,0.6,185_2026-08-20
23.69603,85.37061,309.89,0.64,0.54,2026-08-20,2046,N,VIIRS,n,2.0NRT,280.7,1.96,N,2026-08-20 20:46:00,0.6,186_2026-08-20
23.70871,86.44867,309.25,0.37,0.58,2026-08-20,2046,N,VIIRS,n,2.0NRT,282.46,1.32,N,2026-08-20 20:46:00,0.6,187_2026-08-20
23.70951,86.44509,307.26,0.37,0.58,2026-08-20,2046,N,VIIRS,n,2.0NRT,282.19,1.32,N,2026-08-20 20:46:00,0.6,188_2026-08-20
23.71143,86.45005,318.51,0.37,0.58,2026-08-20,2046,N,VIIRS,n,2.0NRT,282.44,1.84,N,2026-08-20 20:46:00,0.6,189_2026-08-20
23.71226,86.44649,316.2,0.37,0.58,2026-08-20,2046,N,VIIRS,n,2.0NRT,282.43,1.84,N,2026-08-20 20:46:00,0.6,190_2026-08-20
23.71398,86.45003,316.78,0.37,0.58,2026-08-20,2046,N,VIIRS,n,2.0NRT,282.64,1.32,N,2026-08-20 20:46:00,0.6,191_2026-08-20
23.71431,86.42361,304.75,0.37,0.58,2026-08-20,2046,N,VIIRS,n,2.0NRT,285.0,1.54,N,2026-08-20 20:46:00,0.6,192_2026-08-20
23.72326,86.4229,305.68,0.37,0.58,2026-08-20,2046,N,VIIRS,n,2.0NRT,286.03,1.26,N,2026-08-20 20:46:00,0.6,193_2026-08-20
23.7374,86.4341,324.26,0.37,0.58,2026-08-20,2046,N,VIIRS,n,2.0NRT,286.38,3.28,N,2026-08-20 20:46:00,0.6,194_2026-08-20
23.75525,86.40467,306.53,0.37,0.58,2026-08-20,2046,N,VIIRS,n,2.0NRT,286.53,0.91,N,2026-08-20 20:46:00,0.6,195_2026-08-20
23.76131,86.40248,322.91,0.37,0.58,2026-08-20,2046,N,VIIRS,n,2.0NRT,285.65,1.24,N,2026-08-20 20:46:00,0.6,196_2026-08-20
23.76655,86.40386,307.05,0.37,0.58,2026-08-20,2046,N,VIIRS,n,2.0NRT,285.05,1.24,N,2026-08-20 20:46:00,0.6,197_2026-08-20
23.76735,86.40035,306.55,0.37,0.58,2026-08-20,2046,N,VIIRS,n,2.0NRT,285.85,1.24,N,2026-08-20 20:46:00,0.6,198_2026-08-20
23.78109,86.38872,306.48,0.37,0.58,2026-08-20,2046,N,VIIRS,n,2.0NRT,286.55,2.9,N,2026-08-20 20:46:00,0.6,199_2026-08-20
23.78225,85.57,302.54,0.33,0.55,2026-08-20,2046,N,VIIRS,n,2.0NRT,285.61,1.34,N,2026-08-20 20:46:00,0.6,200_2026-08-20
23.7864,85.55096,308.04,0.32,0.55,2026-08-20,2046,N,VIIRS,n,2.0NRT,285.87,1.48,N,2026-08-20 20:46:00,0.6,201_2026-08-20
23.82381,85.49748,301.5,0.32,0.55,2026-08-20,2046,N,VIIRS,n,2.0NRT,283.37,1.25,N,2026-08-20 20:46:00,0.6,202_2026-08-20
23.82423,85.49743,302.7,0.32,0.55,2026-08-20,2046,N,VIIRS,n,2.0NRT,283.19,1.08,N,2026-08-20 20:46:00,0.6,203_2026-08-20
24.71524,75.95329,304.87,0.39,0.36,2026-08-20,2046,N,VIIRS,n,2.0NRT,288.14,0.89,N,2026-08-20 20:46:00,0.6,204_2026-08-20
25.03646,87.38701,304.58,0.4,0.6,2026-08-20,2046,N,VIIRS,n,2.0NRT,281.72,0.72,N,2026-08-20 20:46:00,0.6,205_2026-08-20
25.03673,87.38658,303.78,0.4,0.6,2026-08-20,2046,N,VIIRS,n,2.0NRT,281.24,0.67,N,2026-08-20 20:46:00,0.6,206_2026-08-20
27.79252,75.33192,306.87,0.41,0.37,2026-08-20,2046,N,VIIRS,n,2.0NRT,292.48,0.81,N,2026-08-20 20:46:00,0.6,207_2026-08-20
23.66432,87.15331,330.29,0.47,0.48,2026-08-21,0801,N,VIIRS,n,2.0NRT,293.42,2.74,D,2026-08-21 08:01:00,0.6,208_2026-08-21
23.67682,86.08707,330.7,0.41,0.45,2026-08-21,0801,N,VIIRS,n,2.0NRT,294.62,4.24,D,2026-08-21 08:01:00,0.6,209_2026-08-21
23.67844,86.39668,331.72,0.43,0.46,2026-08-21,0801,N,VIIRS,n,2.0NRT,295.56,8.2,D,2026-08-21 08:01:00,0.6,210_2026-08-21
23.68191,86.0946,349.84,0.41,0.45,2026-08-21,0801,N,VIIRS,n,2.0NRT,293.37,7.7,D,2026-08-21 08:01:00,0.6,211_2026-08-21
23.68265,86.39607,334.93,0.43,0.46,2026-08-21,0801,N,VIIRS,n,2.0NRT,295.22,5.68,D,2026-08-21 08:01:00,0.6,212_2026-08-21
23.68639,86.39134,330.74,0.42,0.46,2026-08-21,0801,N,VIIRS,n,2.0NRT,294.17,5.68,D,2026-08-21 08:01:00,0.6,213_2026-08-21
23.70997,86.44798,334.64,0.43,0.46,2026-08-21,0801,N,VIIRS,n,2.0NRT,292.54,7.64,D,2026-08-21 08:01:00,0.6,214_2026-08-21
23.71468,86.45161,338.05,0.43,0.46,2026-08-21,0801,N,VIIRS,n,2.0NRT,291.86,8.89,D,2026-08-21 08:01:00,0.6,215_2026-08-21
23.75674,85.85435,334.01,0.4,0.44,2026-08-21,0801,N,VIIRS,n,2.0NRT,295.91,5.93,D,2026-08-21 08:01:00,0.6,216_2026-08-21
23.78134,86.2098,345.58,0.42,0.45,2026-08-21,0801,N,VIIRS,n,2.0NRT,293.89,9.1,D,2026-08-21 08:01:00,0.6,217_2026-08-21
27.43876,70.85847,344.68,0.57,0.52,2026-08-21,0803,N,VIIRS,n,2.0NRT,302.88,8.02,D,2026-08-21 08:03:00,0.6,218_2026-08-21
29.47919,71.78834,342.21,0.46,0.47,2026-08-21,0803,N,VIIRS,n,2.0NRT,299.83,7.1,D,2026-08-21 08:03:00,0.6,219_2026-08-21
29.48029,71.78488,341.43,0.45,0.47,2026-08-21,0803,N,VIIRS,n,2.0NRT,298.78,6.67,D,2026-08-21 08:03:00,0.6,220_2026-08-21
29.82557,72.8396,334.4,0.39,0.44,2026-08-21,0803,N,VIIRS,n,2.0NRT,297.57,2.06,D,2026-08-21 08:03:00,0.6,221_2026-08-21
29.98619,72.59346,334.45,0.4,0.44,2026-08-21,0803,N,VIIRS,n,2.0NRT,298.45,2.98,D,2026-08-21 08:03:00,0.6,222_2026-08-21
30.00368,72.55402,337.29,0.4,0.44,2026-08-21,0803,N,VIIRS,n,2.0NRT,298.77,3.67,D,2026-08-21 08:03:00,0.6,223_2026-08-21
30.4485,71.695,338.49,0.44,0.46,2026-08-21,0803,N,VIIRS,n,2.0NRT,295.83,2.2,D,2026-08-21 08:03:00,0.6,224_2026-08-21
30.46146,72.13331,338.91,0.42,0.45,2026-08-21,0803,N,VIIRS,n,2.0NRT,297.68,3.37,D,2026-08-21 08:03:00,0.6,225_2026-08-21
30.47054,72.13536,342.1,0.42,0.45,2026-08-21,0803,N,VIIRS,n,2.0NRT,297.91,4.49,D,2026-08-21 08:03:00,0.6,226_2026-08-21
30.48677,71.85528,343.91,0.43,0.46,2026-08-21,0803,N,VIIRS,n,2.0NRT,297.25,7.01,D,2026-08-21 08:03:00,0.6,227_2026-08-21
30.4877,71.85971,338.94,0.43,0.46,2026-08-21,0803,N,VIIRS,n,2.0NRT,295.55,5.77,D,2026-08-21 08:03:00,0.6,228_2026-08-21
30.62073,72.08163,337.31,0.42,0.45,2026-08-21,0803,N,VIIRS,n,2.0NRT,297.63,3.93,D,2026-08-21 08:03:00,0.6,229_2026-08-21
30.6631,72.1522,347.82,0.41,0.45,2026-08-21,0803,N,VIIRS,n,2.0NRT,298.0,7.36,D,2026-08-21 08:03:00,0.6,230_2026-08-21
31.32454,72.16799,339.5,0.4,0.44,2026-08-21,0803,N,VIIRS,n,2.0NRT,297.32,2.45,D,2026-08-21 08:03:00,0.6,231_2026-08-21
31.53478,72.39529,342.48,0.39,0.44,2026-08-21,0803,N,VIIRS,n,2.0NRT,297.46,3.29,D,2026-08-21 08:03:00,0.6,232_2026-08-21
23.56004,87.24049,307.65,0.43,0.46,2026-08-21,2025,N,VIIRS,n,2.0NRT,286.15,2.79,N,2026-08-21 20:25:00,0.6,233_2026-08-21
23.66372,87.15993,302.49,0.42,0.45,2026-08-21,2025,N,VIIRS,n,2.0NRT,278.95,0.59,N,2026-08-21 20:25:00,0.6,234_2026-08-21
23.6783,86.10711,305.64,0.55,0.43,2026-08-21,2025,N,VIIRS,n,2.0NRT,285.15,0.56,N,2026-08-21 20:25:00,0.6,235_2026-08-21
23.67846,86.08486,307.47,0.55,0.43,2026-08-21,2025,N,VIIRS,n,2.0NRT,284.66,2.61,N,2026-08-21 20:25:00,0.6,236_2026-08-21
23.71933,85.00983,300.63,0.48,0.4,2026-08-21,2025,N,VIIRS,n,2.0NRT,272.32,1.6,N,2026-08-21 20:25:00,0.6,237_2026-08-21
24.18137,82.64606,307.55,0.4,0.37,2026-08-21,2025,N,VIIRS,n,2.0NRT,281.64,0.93,N,2026-08-21 20:25:00,0.6,238_2026-08-21
24.92917,84.14589,308.3,0.43,0.38,2026-08-21,2025,N,VIIRS,n,2.0NRT,288.84,2.88,N,2026-08-21 20:25:00,0.6,239_2026-08-21
24.92936,84.14852,310.02,0.43,0.38,2026-08-21,2025,N,VIIRS,n,2.0NRT,289.28,2.91,N,2026-08-21 20:25:00,0.6,240_2026-08-21
28.77367,77.56798,309.15,0.53,0.42,2026-08-21,2025,N,VIIRS,n,2.0NRT,283.53,2.57,N,2026-08-21 20:25:00,0.6,241_2026-08-21
22.36072,87.01704,303.37,0.43,0.46,2026-08-21,2027,N,VIIRS,n,2.0NRT,275.6,0.73,N,2026-08-21 20:27:00,0.6,242_2026-08-21
22.36491,87.01798,303.61,0.43,0.46,2026-08-21,2027,N,VIIRS,n,2.0NRT,275.64,0.73,N,2026-08-21 20:27:00,0.6,243_2026-08-21
22.36667,87.29975,307.2,0.45,0.47,2026-08-21,2027,N,VIIRS,n,2.0NRT,275.03,1.47,N,2026-08-21 20:27:00,0.6,244_2026-08-21
22.37519,87.27901,306.49,0.45,0.47,2026-08-21,2027,N,VIIRS,n,2.0NRT,274.56,1.07,N,2026-08-21 20:27:00,0.6,245_2026-08-21
22.37663,87.28174,311.32,0.45,0.47,2026-08-21,2027,N,VIIRS,n,2.0NRT,275.48,1.69,N,2026-08-21 20:27:00,0.6,246_2026-08-21
22.37751,87.2774,313.32,0.45,0.47,2026-08-21,2027,N,VIIRS,n,2.0NRT,276.0,1.69,N,2026-08-21 20:27:00,0.6,247_2026-08-21
22.37945,87.28,312.84,0.45,0.47,2026-08-21,2027,N,VIIRS,n,2.0NRT,275.6,1.79,N,2026-08-21 20:27:00,0.6,248_2026-08-21
22.78901,86.19763,300.01,0.38,0.43,2026-08-21,2027,N,VIIRS,n,2.0NRT,273.29,0.95,N,2026-08-21 20:27:00,0.6,249_2026-08-21
24.76452,74.60926,304.28,0.47,0.48,2026-08-21,2027,N,VIIRS,n,2.0NRT,282.05,0.71,N,2026-08-21 20:27:00,0.6,250_2026-08-21
