latitude,longitude,bright_ti4,bright_ti5,frp,confidence,scan,track,acq_date,acq_time,satellite,instrument,daynight,version,label,label_source,facility,dist_to_facility_km
10.54381,79.22341,346.01,303.01,5.35,70.0,0.39,0.36,20260905,0813,N,VIIRS,D,2.0NRT,2,lance_archive_rule,cropland,124.155
10.71104,79.432,341.49,306.21,6.82,70.0,0.39,0.36,20260905,0816,N,VIIRS,D,2.0NRT,2,lance_archive_rule,cropland,97.774
10.79202,79.03259,340.12,304.36,10.43,70.0,0.38,0.36,20260905,0816,N,VIIRS,D,2.0NRT,2,lance_archive_rule,cropland,113.784
10.82872,79.18511,346.57,300.54,2.98,70.0,0.39,0.36,20260905,0816,N,VIIRS,D,2.0NRT,2,lance_archive_rule,cropland,99.764
10.83204,79.18459,332.25,301.85,2.98,70.0,0.39,0.36,20260905,0816,N,VIIRS,D,2.0NRT,2,lance_archive_rule,cropland,99.51
10.87647,79.25341,338.54,304.22,2.99,70.0,0.39,0.36,20260905,0816,N,VIIRS,D,2.0NRT,2,lance_archive_rule,cropland,91.009
10.85818,78.95408,341.88,304.07,4.71,70.0,0.38,0.36,20260905,0816,N,VIIRS,D,2.0NRT,2,lance_archive_rule,cropland,114.926
10.98545,78.22152,341.16,307.93,4.83,70.0,0.39,0.36,20260905,0816,N,VIIRS,D,2.0NRT,2,lance_archive_rule,cropland,177.728
10.92989,77.06577,339.03,308.06,3.75,50.0,0.4,0.37,20260905,0816,N,VIIRS,D,2.0NRT,2,lance_archive_rule,cropland,128.933
11.00525,77.1251,345.45,309.27,7.94,50.0,0.4,0.37,20260905,0816,N,VIIRS,D,2.0NRT,2,lance_archive_rule,cropland,139.476
11.57037,79.64236,335.47,290.73,1.41,70.0,0.39,0.36,20260905,0816,N,VIIRS,D,2.0NRT,2,lance_archive_rule,cropland,12.786
11.48627,78.88146,338.67,304.46,4.68,70.0,0.38,0.36,20260905,0816,N,VIIRS,D,2.0NRT,2,lance_archive_rule,cropland,95.098
11.81176,79.62698,335.58,301.35,3.95,70.0,0.39,0.36,20260905,0816,N,VIIRS,D,2.0NRT,2,lance_archive_rule,cropland,34.0
11.85545,78.73141,330.2,299.24,2.96,70.0,0.38,0.36,20260905,0816,N,VIIRS,D,2.0NRT,2,lance_archive_rule,cropland,116.908
11.89135,78.72217,333.36,303.29,1.26,70.0,0.38,0.36,20260905,0816,N,VIIRS,D,2.0NRT,2,lance_archive_rule,cropland,119.137
11.96101,78.80475,336.43,303.7,7.02,70.0,0.38,0.36,20260905,0816,N,VIIRS,D,2.0NRT,2,lance_archive_rule,cropland,113.721
11.96047,78.80122,331.4,301.09,4.31,70.0,0.38,0.36,20260905,0816,N,VIIRS,D,2.0NRT,2,lance_archive_rule,cropland,114.045
12.09322,79.02973,338.07,300.9,3.38,70.0,0.39,0.36,20260905,0816,N,VIIRS,D,2.0NRT,2,lance_archive_rule,cropland,100.455
15.17266,76.66496,335.32,305.84,5.73,50.0,0.39,0.36,20260905,0816,N,VIIRS,D,2.0NRT,1,lance_archive_rule,JSW Steel Vijayanagar,0.879
15.17484,76.65714,335.27,306.58,3.25,50.0,0.39,0.36,20260905,0816,N,VIIRS,D,2.0NRT,1,lance_archive_rule,JSW Steel Vijayanagar,1.528
15.17818,76.65657,333.69,301.98,3.25,50.0,0.39,0.36,20260905,0816,N,VIIRS,D,2.0NRT,1,lance_archive_rule,JSW Steel Vijayanagar,1.549
17.75859,75.82333,339.69,307.83,6.23,50.0,0.4,0.37,20260905,0816,N,VIIRS,D,2.0NRT,2,lance_archive_rule,cropland,142.187
19.02065,72.89297,332.56,298.09,4.9,50.0,0.49,0.4,20260905,0818,N,VIIRS,D,2.0NRT,1,lance_archive_rule,BPCL Mumbai Refinery,0.747
21.10671,72.64536,336.44,281.68,7.04,70.0,0.47,0.4,20260905,0818,N,VIIRS,D,2.0NRT,1,lance_archive_rule,ONGC Hazira Gas Processing Plant,0.589
30.60174,73.64675,335.72,301.07,2.55,70.0,0.38,0.36,20260905,0820,N,VIIRS,D,2.0NRT,2,lance_archive_rule,cropland,130.802
31.23082,75.08361,335.64,295.18,4.59,70.0,0.4,0.37,20260905,0820,N,VIIRS,D,2.0NRT,2,lance_archive_rule,cropland,114.652
31.21054,73.72984,330.49,300.9,5.02,50.0,0.38,0.36,20260905,0820,N,VIIRS,D,2.0NRT,2,lance_archive_rule,cropland,160.109
31.20992,73.72583,332.22,305.13,8.31,50.0,0.38,0.36,20260905,0820,N,VIIRS,D,2.0NRT,2,lance_archive_rule,cropland,160.337
31.21322,73.72516,330.57,303.89,4.89,50.0,0.38,0.36,20260905,0820,N,VIIRS,D,2.0NRT,2,lance_archive_rule,cropland,160.637
31.73204,74.48511,340.17,298.88,4.36,70.0,0.39,0.36,20260905,0822,N,VIIRS,D,2.0NRT,2,lance_archive_rule,cropland,174.739
18.04078,74.8643,310.8,290.71,0.83,70.0,0.38,0.36,20260905,2046,N,VIIRS,N,2.0NRT,2,lance_archive_rule,cropland,202.231
32.10323,74.17525,307.41,293.36,0.92,70.0,0.5,0.41,20260905,2044,N,VIIRS,N,2.0NRT,2,lance_archive_rule,cropland,222.701
32.08572,74.16138,308.97,293.28,1.04,70.0,0.5,0.41,20260905,2044,N,VIIRS,N,2.0NRT,2,lance_archive_rule,cropland,221.296
31.25029,76.9273,306.11,290.29,0.57,70.0,0.4,0.37,20260905,2044,N,VIIRS,N,2.0NRT,2,lance_archive_rule,cropland,204.578
29.47524,76.8587,312.67,292.14,0.88,70.0,0.39,0.36,20260905,2044,N,VIIRS,N,2.0NRT,2,lance_archive_rule,cropland,13.582
15.18671,76.64958,306.13,292.46,1.58,70.0,0.42,0.38,20260905,2046,N,VIIRS,N,2.0NRT,1,lance_archive_rule,JSW Steel Vijayanagar,2.494
26.75865,83.20107,303.4,284.8,1.1,70.0,0.41,0.45,20260905,2046,N,VIIRS,N,2.0NRT,2,lance_archive_rule,cropland,453.938
15.18408,76.66525,309.32,291.73,1.48,70.0,0.42,0.38,20260905,2046,N,VIIRS,N,2.0NRT,1,lance_archive_rule,JSW Steel Vijayanagar,0.915
15.18342,76.66917,318.33,292.33,1.48,70.0,0.42,0.38,20260905,2046,N,VIIRS,N,2.0NRT,1,lance_archive_rule,JSW Steel Vijayanagar,0.634
15.18062,76.66463,307.28,292.43,1.48,70.0,0.42,0.38,20260905,2046,N,VIIRS,N,2.0NRT,1,lance_archive_rule,JSW Steel Vijayanagar,0.743
15.17865,76.67638,308.7,293.14,2.25,70.0,0.42,0.38,20260905,2046,N,VIIRS,N,2.0NRT,1,lance_archive_rule,JSW Steel Vijayanagar,0.582
15.17849,76.65616,318.32,293.73,1.51,70.0,0.42,0.38,20260905,2046,N,VIIRS,N,2.0NRT,1,lance_archive_rule,JSW Steel Vijayanagar,1.594
15.17783,76.66007,308.24,292.41,1.51,70.0,0.42,0.38,20260905,2046,N,VIIRS,N,2.0NRT,1,lance_archive_rule,JSW Steel Vijayanagar,1.173
15.17519,76.67574,306.33,291.78,1.16,70.0,0.42,0.38,20260905,2046,N,VIIRS,N,2.0NRT,1,lance_archive_rule,JSW Steel Vijayanagar,0.597
15.17453,76.67966,305.76,292.15,1.17,70.0,0.42,0.38,20260905,2046,N,VIIRS,N,2.0NRT,1,lance_archive_rule,JSW Steel Vijayanagar,1.006
15.17255,76.69141,319.54,292.3,2.3,70.0,0.42,0.38,20260905,2046,N,VIIRS,N,2.0NRT,1,lance_archive_rule,JSW Steel Vijayanagar,2.273
15.17504,76.65553,312.27,293.05,1.51,70.0,0.42,0.38,20260905,2046,N,VIIRS,N,2.0NRT,1,lance_archive_rule,JSW Steel Vijayanagar,1.693
15.16894,76.67054,306.65,292.39,0.73,70.0,0.42,0.38,20260905,2046,N,VIIRS,N,2.0NRT,1,lance_archive_rule,JSW Steel Vijayanagar,1.009
15.16829,76.67445,305.39,292.09,0.73,70.0,0.42,0.38,20260905,2046,N,VIIRS,N,2.0NRT,1,lance_archive_rule,JSW Steel Vijayanagar,1.141
13.16142,80.28448,309.21,289.81,1.99,70.0,0.47,0.48,20260905,2049,N,VIIRS,N,2.0NRT,1,lance_archive_rule,TN PetroProducts Manali,2.351
11.6361,77.65678,327.2,290.59,2.4,70.0,0.52,0.41,20260905,2049,N,VIIRS,N,2.0NRT,2,lance_archive_rule,cropland,228.634
22.79832,86.20602,319.84,288.96,1.44,70.0,0.37,0.58,20260905,2046,N,VIIRS,N,2.0NRT,1,lance_archive_rule,Tata Steel Jamshedpur Works,0.754
22.7975,86.20966,308.81,288.97,1.44,70.0,0.37,0.58,20260905,2046,N,VIIRS,N,2.0NRT,1,lance_archive_rule,Tata Steel Jamshedpur Works,1.067
22.78704,86.20657,336.36,289.55,2.71,70.0,0.37,0.58,20260905,2046,N,VIIRS,N,2.0NRT,1,lance_archive_rule,Tata Steel Jamshedpur Works,1.943
22.78942,86.19597,308.1,289.55,1.26,70.0,0.37,0.58,20260905,2046,N,VIIRS,N,2.0NRT,1,lance_archive_rule,Tata Steel Jamshedpur Works,1.735
22.78863,86.19949,306.0,289.8,1.26,70.0,0.37,0.58,20260905,2046,N,VIIRS,N,2.0NRT,1,lance_archive_rule,Tata Steel Jamshedpur Works,1.728
22.78784,86.20303,309.19,289.34,2.71,70.0,0.37,0.58,20260905,2046,N,VIIRS,N,2.0NRT,1,lance_archive_rule,Tata Steel Jamshedpur Works,1.8
20.65857,78.49527,304.78,289.97,0.7,70.0,0.44,0.38,20260905,2049,N,VIIRS,N,2.0NRT,2,lance_archive_rule,cropland,270.96
21.11057,72.63561,313.66,293.99,4.62,70.0,0.45,0.39,20260905,2049,N,VIIRS,N,2.0NRT,1,lance_archive_rule,ONGC Hazira Gas Processing Plant,0.987
21.10577,72.64375,331.2,294.54,8.99,70.0,0.45,0.39,20260905,2049,N,VIIRS,N,2.0NRT,1,lance_archive_rule,ONGC Hazira Gas Processing Plant,0.705
21.10517,72.6481,316.64,294.04,6.41,70.0,0.45,0.39,20260905,2049,N,VIIRS,N,2.0NRT,1,lance_archive_rule,ONGC Hazira Gas Processing Plant,0.825
21.10341,72.63448,327.06,292.52,5.41,70.0,0.45,0.39,20260905,2049,N,VIIRS,N,2.0NRT,1,lance_archive_rule,ONGC Hazira Gas Processing Plant,1.45
21.1028,72.63883,305.88,292.33,4.18,70.0,0.45,0.39,20260905,2049,N,VIIRS,N,2.0NRT,1,lance_archive_rule,ONGC Hazira Gas Processing Plant,1.207
10.16814,78.80172,335.48,300.33,6.42,70.0,0.56,0.43,20260904,0835,N,VIIRS,D,2.0NRT,2,lance_archive_rule,cropland,183.823
10.16672,78.79148,331.56,300.74,8.56,70.0,0.56,0.43,20260904,0835,N,VIIRS,D,2.0NRT,2,lance_archive_rule,cropland,184.587
10.31339,79.34061,330.68,296.16,2.09,70.0,0.4,0.44,20260904,0835,N,VIIRS,D,2.0NRT,2,lance_archive_rule,cropland,142.788
10.28257,78.88253,334.67,298.75,2.52,70.0,0.57,0.43,20260904,0835,N,VIIRS,D,2.0NRT,2,lance_archive_rule,cropland,168.328
12.0522,78.36801,333.87,298.13,4.2,70.0,0.56,0.43,20260904,0835,N,VIIRS,D,2.0NRT,2,lance_archive_rule,cropland,161.469
15.17642,76.65735,335.25,297.04,5.16,70.0,0.49,0.4,20260904,0837,N,VIIRS,D,2.0NRT,1,lance_archive_rule,JSW Steel Vijayanagar,1.475
21.10191,72.63843,334.26,293.93,7.03,70.0,0.39,0.36,20260904,0837,N,VIIRS,D,2.0NRT,1,lance_archive_rule,ONGC Hazira Gas Processing Plant,1.313
21.10135,72.63466,332.85,295.09,7.03,70.0,0.39,0.36,20260904,0837,N,VIIRS,D,2.0NRT,1,lance_archive_rule,ONGC Hazira Gas Processing Plant,1.598
21.10636,72.64542,344.24,299.55,8.1,70.0,0.39,0.36,20260904,0837,N,VIIRS,D,2.0NRT,1,lance_archive_rule,ONGC Hazira Gas Processing Plant,0.629
29.911,74.95192,341.22,299.43,5.47,70.0,0.39,0.44,20260904,0839,N,VIIRS,D,2.0NRT,2,lance_archive_rule,cropland,33.08
32.24791,73.92658,332.01,295.3,3.62,70.0,0.55,0.43,20260904,0839,N,VIIRS,D,2.0NRT,2,lance_archive_rule,cropland,246.146
13.1608,80.27946,307.93,285.03,1.92,70.0,0.77,0.78,20260904,1928,N,VIIRS,N,2.0NRT,1,lance_archive_rule,TN PetroProducts Manali,2.121
13.15911,80.28068,306.72,285.02,1.63,70.0,0.77,0.78,20260904,1928,N,VIIRS,N,2.0NRT,1,lance_archive_rule,TN PetroProducts Manali,2.347
21.10881,72.64918,305.26,291.28,2.05,70.0,0.4,0.37,20260904,2106,N,VIIRS,N,2.0NRT,1,lance_archive_rule,ONGC Hazira Gas Processing Plant,0.56
21.10608,72.6447,333.02,292.63,7.31,70.0,0.4,0.37,20260904,2106,N,VIIRS,N,2.0NRT,1,lance_archive_rule,ONGC Hazira Gas Processing Plant,0.659
21.10738,72.637,305.46,290.68,2.25,70.0,0.4,0.37,20260904,2106,N,VIIRS,N,2.0NRT,1,lance_archive_rule,ONGC Hazira Gas Processing Plant,0.976
21.10544,72.64854,317.25,290.81,2.05,70.0,0.4,0.37,20260904,2106,N,VIIRS,N,2.0NRT,1,lance_archive_rule,ONGC Hazira Gas Processing Plant,0.817
21.10401,72.63636,332.65,290.83,4.0,70.0,0.4,0.37,20260904,2106,N,VIIRS,N,2.0NRT,1,lance_archive_rule,ONGC Hazira Gas Processing Plant,1.262
21.10271,72.64404,302.63,287.6,1.38,70.0,0.4,0.37,20260904,2106,N,VIIRS,N,2.0NRT,1,lance_archive_rule,ONGC Hazira Gas Processing Plant,1.038
18.69389,73.04198,319.91,293.84,2.13,70.0,0.43,0.38,20260904,2106,N,VIIRS,N,2.0NRT,2,lance_archive_rule,cropland,38.852
18.6904,73.04131,317.38,292.88,2.13,70.0,0.43,0.38,20260904,2106,N,VIIRS,N,2.0NRT,2,lance_archive_rule,cropland,39.18
18.68064,73.03526,304.1,291.57,0.89,70.0,0.43,0.38,20260904,2106,N,VIIRS,N,2.0NRT,2,lance_archive_rule,cropland,39.938
18.2715,74.19861,304.38,290.01,0.84,70.0,0.49,0.4,20260904,2106,N,VIIRS,N,2.0NRT,2,lance_archive_rule,cropland,148.499
15.18121,76.66469,311.06,291.83,1.54,70.0,0.51,0.5,20260904,2108,N,VIIRS,N,2.0NRT,1,lance_archive_rule,JSW Steel Vijayanagar,0.765
15.1803,76.66946,304.37,291.72,1.54,70.0,0.51,0.5,20260904,2108,N,VIIRS,N,2.0NRT,1,lance_archive_rule,JSW Steel Vijayanagar,0.304
15.1785,76.65421,311.15,292.46,2.02,70.0,0.51,0.5,20260904,2108,N,VIIRS,N,2.0NRT,1,lance_archive_rule,JSW Steel Vijayanagar,1.803
15.17759,76.65895,316.42,292.36,2.02,70.0,0.51,0.5,20260904,2108,N,VIIRS,N,2.0NRT,1,lance_archive_rule,JSW Steel Vijayanagar,1.294
11.56157,77.70795,302.5,285.11,0.52,70.0,0.35,0.57,20260904,2108,N,VIIRS,N,2.0NRT,2,lance_archive_rule,cropland,222.821
11.48045,77.62241,298.62,264.84,0.77,70.0,0.35,0.56,20260904,2108,N,VIIRS,N,2.0NRT,2,lance_archive_rule,cropland,215.141
11.48001,77.62247,300.66,266.67,0.59,70.0,0.35,0.56,20260904,2108,N,VIIRS,N,2.0NRT,2,lance_archive_rule,cropland,215.11
11.42084,77.48328,312.92,284.16,0.82,70.0,0.34,0.56,20260904,2108,N,VIIRS,N,2.0NRT,2,lance_archive_rule,cropland,199.939
10.61797,77.50148,308.59,287.83,0.82,70.0,0.35,0.57,20260904,2108,N,VIIRS,N,2.0NRT,2,lance_archive_rule,cropland,143.158
10.61668,77.42152,304.1,289.3,0.28,70.0,0.35,0.56,20260904,2108,N,VIIRS,N,2.0NRT,2,lance_archive_rule,cropland,135.507
27.98973,94.2222,336.75,297.24,18.02,70.0,0.42,0.38,20260830,0652,N,VIIRS,D,2.0NRT,3,lance_archive_rule,forest,126.501
10.00316,76.4542,333.81,298.59,0.94,70.0,0.39,0.36,20260830,0828,N,VIIRS,D,2.0NRT,2,lance_archive_rule,cropland,10.607
11.80984,77.21425,335.6,301.41,61.33,70.0,0.41,0.37,20260830,0828,N,VIIRS,D,2.0NRT,3,lance_archive_rule,forest,218.317
12.07999,76.99017,338.02,303.8,3.7,70.0,0.41,0.37,20260830,0828,N,VIIRS,D,2.0NRT,2,lance_archive_rule,cropland,235.713
12.48661,76.3177,336.89,298.79,3.61,70.0,0.39,0.37,20260830,0828,N,VIIRS,D,2.0NRT,2,lance_archive_rule,cropland,162.833
19.7772,73.79005,333.97,293.26,2.03,70.0,0.39,0.36,20260830,0830,N,VIIRS,D,2.0NRT,2,lance_archive_rule,cropland,90.079
21.17639,74.58324,334.94,291.83,1.91,70.0,0.4,0.37,20260830,0830,N,VIIRS,D,2.0NRT,2,lance_archive_rule,cropland,134.968
30.16407,74.51582,331.57,302.09,3.35,50.0,0.47,0.4,20260830,0835,N,VIIRS,D,2.0NRT,2,lance_archive_rule,cropland,40.299
30.35123,73.65195,334.44,300.2,1.82,70.0,0.44,0.38,20260830,0835,N,VIIRS,D,2.0NRT,2,lance_archive_rule,cropland,123.944
30.51386,73.90864,335.57,299.41,2.87,70.0,0.45,0.39,20260830,0835,N,VIIRS,D,2.0NRT,2,lance_archive_rule,cropland,103.91
31.10913,74.49384,345.2,299.84,9.69,70.0,0.48,0.4,20260830,0835,N,VIIRS,D,2.0NRT,2,lance_archive_rule,cropland,108.613
31.12675,74.30208,342.96,300.91,4.14,70.0,0.47,0.4,20260830,0835,N,VIIRS,D,2.0NRT,2,lance_archive_rule,cropland,118.602
31.2082,73.91856,337.22,300.68,3.87,70.0,0.46,0.39,20260830,0835,N,VIIRS,D,2.0NRT,2,lance_archive_rule,cropland,147.499
31.2118,73.91795,331.16,299.86,2.3,70.0,0.46,0.39,20260830,0835,N,VIIRS,D,2.0NRT,2,lance_archive_rule,cropland,147.838
21.1016,72.63586,315.23,282.26,1.65,70.0,0.38,0.36,20260830,2059,N,VIIRS,N,2.0NRT,1,lance_archive_rule,ONGC Hazira Gas Processing Plant,1.495
21.10102,72.63954,295.93,281.97,0.49,70.0,0.38,0.36,20260830,2059,N,VIIRS,N,2.0NRT,1,lance_archive_rule,ONGC Hazira Gas Processing Plant,1.346
19.93695,73.71136,323.05,287.35,2.32,70.0,0.4,0.37,20260830,2059,N,VIIRS,N,2.0NRT,2,lance_archive_rule,cropland,98.623
18.54634,74.25378,311.92,289.64,1.13,70.0,0.42,0.38,20260830,2059,N,VIIRS,N,2.0NRT,2,lance_archive_rule,cropland,133.869
18.69302,73.0416,319.89,293.8,3.62,70.0,0.39,0.36,20260830,2059,N,VIIRS,N,2.0NRT,2,lance_archive_rule,cropland,38.924
18.68969,73.04101,304.97,291.93,1.57,70.0,0.39,0.36,20260830,2059,N,VIIRS,N,2.0NRT,2,lance_archive_rule,cropland,39.24
15.1825,76.66548,315.65,280.75,1.46,70.0,0.41,0.45,20260830,2101,N,VIIRS,N,2.0NRT,1,lance_archive_rule,JSW Steel Vijayanagar,0.775
15.18182,76.66927,302.97,282.18,1.46,70.0,0.41,0.45,20260830,2101,N,VIIRS,N,2.0NRT,1,lance_archive_rule,JSW Steel Vijayanagar,0.464
15.17842,76.66464,301.31,282.67,1.47,70.0,0.41,0.45,20260830,2101,N,VIIRS,N,2.0NRT,1,lance_archive_rule,JSW Steel Vijayanagar,0.684
15.17636,76.67603,312.47,284.26,2.05,70.0,0.41,0.45,20260830,2101,N,VIIRS,N,2.0NRT,1,lance_archive_rule,JSW Steel Vijayanagar,0.57
15.17362,76.69113,301.13,281.35,0.52,70.0,0.41,0.45,20260830,2101,N,VIIRS,N,2.0NRT,1,lance_archive_rule,JSW Steel Vijayanagar,2.215
15.1757,76.65623,320.74,283.06,3.12,70.0,0.41,0.45,20260830,2101,N,VIIRS,N,2.0NRT,1,lance_archive_rule,JSW Steel Vijayanagar,1.606
15.16888,76.67051,297.02,279.46,0.4,70.0,0.41,0.45,20260830,2101,N,VIIRS,N,2.0NRT,1,lance_archive_rule,JSW Steel Vijayanagar,1.015
11.62482,79.08276,304.91,283.7,0.94,70.0,0.34,0.56,20260830,2101,N,VIIRS,N,2.0NRT,2,lance_archive_rule,cropland,73.737
32.13232,74.17843,312.92,295.18,0.79,70.0,0.39,0.36,20260830,2055,N,VIIRS,N,2.0NRT,2,lance_archive_rule,cropland,225.664
32.08741,74.15643,308.49,294.49,0.65,70.0,0.39,0.36,20260830,2055,N,VIIRS,N,2.0NRT,2,lance_archive_rule,cropland,221.629
32.0868,74.16059,315.49,294.79,2.11,70.0,0.39,0.36,20260830,2055,N,VIIRS,N,2.0NRT,2,lance_archive_rule,cropland,221.434
31.64126,74.42704,308.12,295.23,0.49,70.0,0.39,0.36,20260830,2055,N,VIIRS,N,2.0NRT,2,lance_archive_rule,cropland,166.49
31.61482,74.37532,311.52,295.45,0.61,70.0,0.39,0.36,20260830,2055,N,VIIRS,N,2.0NRT,2,lance_archive_rule,cropland,165.2
29.4759,76.85623,311.77,289.97,2.28,70.0,0.41,0.37,20260830,2057,N,VIIRS,N,2.0NRT,2,lance_archive_rule,cropland,13.824
29.45914,76.89161,316.03,292.1,3.18,70.0,0.41,0.37,20260830,2057,N,VIIRS,N,2.0NRT,2,lance_archive_rule,cropland,9.932
28.74306,76.92912,316.04,291.02,1.91,70.0,0.42,0.38,20260830,2057,N,VIIRS,N,2.0NRT,2,lance_archive_rule,cropland,33.773
27.66938,76.12862,299.11,279.78,0.32,70.0,0.41,0.37,20260830,2057,N,VIIRS,N,2.0NRT,2,lance_archive_rule,cropland,4.571
27.66868,76.13271,296.11,276.77,0.32,70.0,0.41,0.37,20260830,2057,N,VIIRS,N,2.0NRT,2,lance_archive_rule,cropland,4.173
25.94431,72.19051,325.37,295.03,2.14,70.0,0.4,0.37,20260830,2057,N,VIIRS,N,2.0NRT,1,lance_archive_rule,RIICO Balotra Industrial & Dyeing Area,1.781
25.9433,72.19072,329.62,294.95,2.98,70.0,0.4,0.37,20260830,2057,N,VIIRS,N,2.0NRT,1,lance_archive_rule,RIICO Balotra Industrial & Dyeing Area,1.7
11.62862,78.61463,331.27,298.12,4.3,50.0,0.4,0.37,20260831,0807,N,VIIRS,D,2.0NRT,2,lance_archive_rule,cropland,124.469
11.52704,77.24921,330.49,299.28,3.56,50.0,0.45,0.39,20260831,0809,N,VIIRS,D,2.0NRT,2,lance_archive_rule,cropland,193.441
11.52934,77.24984,332.74,298.98,4.63,70.0,0.45,0.39,20260831,0809,N,VIIRS,D,2.0NRT,2,lance_archive_rule,cropland,193.691
11.73493,77.98431,331.16,299.52,3.07,70.0,0.42,0.37,20260831,0809,N,VIIRS,D,2.0NRT,2,lance_archive_rule,cropland,193.946
11.99381,79.54753,350.08,310.35,8.02,70.0,0.39,0.36,20260831,0809,N,VIIRS,D,2.0NRT,2,lance_archive_rule,cropland,56.011
11.99713,79.547,346.13,308.36,8.02,70.0,0.39,0.36,20260831,0809,N,VIIRS,D,2.0NRT,2,lance_archive_rule,cropland,56.372
11.80935,77.92519,331.34,292.97,2.83,50.0,0.42,0.38,20260831,0809,N,VIIRS,D,2.0NRT,2,lance_archive_rule,cropland,201.416
12.05555,79.07794,330.89,302.51,2.96,50.0,0.39,0.36,20260831,0809,N,VIIRS,D,2.0NRT,2,lance_archive_rule,cropland,93.745
28.12977,76.78864,335.41,296.53,2.37,70.0,0.39,0.36,20260831,0813,N,VIIRS,D,2.0NRT,2,lance_archive_rule,cropland,42.203
31.1293,74.65489,341.05,298.33,4.79,70.0,0.39,0.36,20260831,0813,N,VIIRS,D,2.0NRT,2,lance_archive_rule,cropland,105.817
31.37494,74.45004,346.78,300.46,6.1,70.0,0.39,0.36,20260831,0813,N,VIIRS,D,2.0NRT,2,lance_archive_rule,cropland,137.682
11.81802,77.91586,308.19,291.36,1.71,70.0,0.44,0.39,20260831,2044,N,VIIRS,N,2.0NRT,2,lance_archive_rule,cropland,202.566
11.81027,77.91869,306.89,292.03,2.44,70.0,0.44,0.39,20260831,2044,N,VIIRS,N,2.0NRT,2,lance_archive_rule,cropland,202.131
11.80957,77.92274,309.05,293.67,1.65,70.0,0.44,0.39,20260831,2044,N,VIIRS,N,2.0NRT,2,lance_archive_rule,cropland,201.683
11.18313,79.09899,304.24,283.87,0.5,70.0,0.51,0.41,20260831,2044,N,VIIRS,N,2.0NRT,2,lance_archive_rule,cropland,81.168
11.08366,78.75399,311.37,294.08,2.89,70.0,0.5,0.41,20260831,2044,N,VIIRS,N,2.0NRT,2,lance_archive_rule,cropland,119.794
10.94284,78.06322,316.81,294.36,1.41,70.0,0.46,0.39,20260831,2044,N,VIIRS,N,2.0NRT,2,lance_archive_rule,cropland,195.589
10.41461,77.11382,305.75,289.06,0.43,70.0,0.43,0.38,20260831,2044,N,VIIRS,N,2.0NRT,2,lance_archive_rule,cropland,95.131
29.47525,76.859,314.13,292.51,2.78,70.0,0.43,0.38,20260831,2038,N,VIIRS,N,2.0NRT,2,lance_archive_rule,cropland,13.558
29.4606,76.88784,308.38,292.7,2.34,70.0,0.43,0.38,20260831,2038,N,VIIRS,N,2.0NRT,2,lance_archive_rule,cropland,10.327
21.10902,72.64436,299.5,284.52,1.6,70.0,0.54,0.42,20260831,2040,N,VIIRS,N,2.0NRT,1,lance_archive_rule,ONGC Hazira Gas Processing Plant,0.338
21.10513,72.64378,330.75,287.66,5.89,70.0,0.54,0.42,20260831,2040,N,VIIRS,N,2.0NRT,1,lance_archive_rule,ONGC Hazira Gas Processing Plant,0.774
18.59601,74.25494,317.81,290.26,1.7,70.0,0.43,0.38,20260831,2042,N,VIIRS,N,2.0NRT,2,lance_archive_rule,cropland,131.038
18.68646,73.02973,306.48,288.82,1.93,70.0,0.48,0.4,20260831,2042,N,VIIRS,N,2.0NRT,2,lance_archive_rule,cropland,39.121
18.68213,73.03376,305.47,292.44,1.93,70.0,0.48,0.4,20260831,2042,N,VIIRS,N,2.0NRT,2,lance_archive_rule,cropland,39.725
18.68149,73.03835,311.06,292.45,3.11,70.0,0.48,0.4,20260831,2042,N,VIIRS,N,2.0NRT,2,lance_archive_rule,cropland,39.972
18.42431,74.38948,307.81,290.41,0.44,70.0,0.42,0.38,20260831,2042,N,VIIRS,N,2.0NRT,2,lance_archive_rule,cropland,153.311
30.67169,73.90612,334.61,294.93,3.03,70.0,0.41,0.45,20260901,0756,N,VIIRS,D,2.0NRT,2,lance_archive_rule,cropland,111.044
10.015,78.08784,345.21,304.53,8.15,70.0,0.53,0.5,20260901,0750,N,VIIRS,D,2.0NRT,2,lance_archive_rule,cropland,189.442
10.38719,79.27933,343.55,305.99,11.34,70.0,0.44,0.46,20260901,0750,N,VIIRS,D,2.0NRT,2,lance_archive_rule,cropland,137.398
10.44507,78.80642,332.13,302.64,3.98,50.0,0.47,0.48,20260901,0750,N,VIIRS,D,2.0NRT,2,lance_archive_rule,cropland,159.007
10.44559,78.8073,332.18,301.71,5.72,70.0,0.47,0.48,20260901,0750,N,VIIRS,D,2.0NRT,2,lance_archive_rule,cropland,158.9
10.67588,78.80834,334.64,305.76,4.1,50.0,0.46,0.47,20260901,0750,N,VIIRS,D,2.0NRT,2,lance_archive_rule,cropland,140.309
10.86091,79.81236,332.03,298.78,0.93,70.0,0.4,0.44,20260901,0750,N,VIIRS,D,2.0NRT,2,lance_archive_rule,cropland,74.902
10.74769,78.83463,344.12,306.06,6.13,70.0,0.46,0.47,20260901,0750,N,VIIRS,D,2.0NRT,2,lance_archive_rule,cropland,132.832
10.77378,78.65028,335.4,307.67,5.62,50.0,0.47,0.48,20260901,0750,N,VIIRS,D,2.0NRT,2,lance_archive_rule,cropland,146.902
11.01958,79.83994,336.41,303.87,2.22,70.0,0.39,0.44,20260901,0750,N,VIIRS,D,2.0NRT,2,lance_archive_rule,cropland,57.762
11.01218,79.41254,334.72,302.36,1.56,70.0,0.42,0.45,20260901,0750,N,VIIRS,D,2.0NRT,2,lance_archive_rule,cropland,68.698
11.00781,77.43622,332.41,299.6,7.15,70.0,0.56,0.52,20260901,0750,N,VIIRS,D,2.0NRT,2,lance_archive_rule,cropland,163.263
11.14795,78.03258,336.34,300.6,4.53,70.0,0.51,0.49,20260901,0750,N,VIIRS,D,2.0NRT,2,lance_archive_rule,cropland,192.367
11.69378,79.12559,336.91,304.65,3.94,70.0,0.43,0.46,20260901,0750,N,VIIRS,D,2.0NRT,2,lance_archive_rule,cropland,70.665
11.69394,79.12669,334.62,305.59,5.89,50.0,0.43,0.46,20260901,0750,N,VIIRS,D,2.0NRT,2,lance_archive_rule,cropland,70.553
11.69813,79.12595,355.18,304.79,5.89,70.0,0.43,0.46,20260901,0750,N,VIIRS,D,2.0NRT,2,lance_archive_rule,cropland,70.751
11.83094,79.66526,331.46,303.93,1.86,50.0,0.39,0.44,20260901,0750,N,VIIRS,D,2.0NRT,2,lance_archive_rule,cropland,34.586
12.05853,79.84698,331.63,299.32,3.58,70.0,0.57,0.43,20260901,0750,N,VIIRS,D,2.0NRT,2,lance_archive_rule,cropland,59.434
12.09285,79.56569,341.02,303.15,4.53,70.0,0.39,0.44,20260901,0750,N,VIIRS,D,2.0NRT,2,lance_archive_rule,cropland,65.611
12.09304,79.56533,342.44,303.39,2.38,70.0,0.39,0.44,20260901,0750,N,VIIRS,D,2.0NRT,2,lance_archive_rule,cropland,65.644
12.13102,78.14007,332.63,299.71,8.28,70.0,0.49,0.48,20260901,0750,N,VIIRS,D,2.0NRT,2,lance_archive_rule,cropland,187.751
12.38799,79.56133,332.27,303.14,2.06,70.0,0.39,0.44,20260901,0750,N,VIIRS,D,2.0NRT,2,lance_archive_rule,cropland,97.439
21.10572,72.64465,331.23,285.01,4.16,70.0,0.36,0.57,20260901,2021,N,VIIRS,N,2.0NRT,1,lance_archive_rule,ONGC Hazira Gas Processing Plant,0.699
12.29417,79.93931,325.11,291.53,1.98,70.0,0.38,0.36,20260901,2023,N,VIIRS,N,2.0NRT,2,lance_archive_rule,cropland,87.14
21.10537,72.64811,310.93,284.27,2.9,70.0,0.35,0.57,20260901,2021,N,VIIRS,N,2.0NRT,1,lance_archive_rule,ONGC Hazira Gas Processing Plant,0.805
21.10147,72.63356,308.84,282.25,1.18,70.0,0.36,0.57,20260901,2021,N,VIIRS,N,2.0NRT,1,lance_archive_rule,ONGC Hazira Gas Processing Plant,1.667
12.29086,79.93877,311.05,291.14,1.98,70.0,0.38,0.36,20260901,2023,N,VIIRS,N,2.0NRT,2,lance_archive_rule,cropland,86.768
21.10112,72.63706,308.66,282.05,1.18,70.0,0.36,0.57,20260901,2021,N,VIIRS,N,2.0NRT,1,lance_archive_rule,ONGC Hazira Gas Processing Plant,1.464
18.73882,74.40549,299.3,284.89,0.54,70.0,0.51,0.49,20260901,2021,N,VIIRS,N,2.0NRT,2,lance_archive_rule,cropland,138.151
12.07241,79.15073,306.96,290.91,1.83,70.0,0.39,0.36,20260901,2023,N,VIIRS,N,2.0NRT,2,lance_archive_rule,cropland,88.928
11.80976,77.92097,306.97,292.26,2.29,70.0,0.41,0.37,20260901,2023,N,VIIRS,N,2.0NRT,2,lance_archive_rule,cropland,201.877
15.18782,76.65921,310.47,285.67,2.82,70.0,0.51,0.41,20260901,2023,N,VIIRS,N,2.0NRT,1,lance_archive_rule,JSW Steel Vijayanagar,1.671
11.81017,77.92106,307.2,292.19,2.41,70.0,0.41,0.37,20260901,2023,N,VIIRS,N,2.0NRT,2,lance_archive_rule,cropland,201.874
15.18272,76.66805,312.13,282.34,3.48,70.0,0.5,0.41,20260901,2023,N,VIIRS,N,2.0NRT,1,lance_archive_rule,JSW Steel Vijayanagar,0.613
11.592,77.27362,325.47,290.18,2.54,70.0,0.43,0.38,20260901,2023,N,VIIRS,N,2.0NRT,2,lance_archive_rule,cropland,200.92
15.17715,76.65287,304.64,285.0,2.24,70.0,0.51,0.41,20260901,2023,N,VIIRS,N,2.0NRT,1,lance_archive_rule,JSW Steel Vijayanagar,1.948
11.59257,77.26982,304.87,287.86,1.3,70.0,0.43,0.38,20260901,2023,N,VIIRS,N,2.0NRT,2,lance_archive_rule,cropland,200.744
15.17649,76.65758,318.85,285.28,2.24,70.0,0.51,0.41,20260901,2023,N,VIIRS,N,2.0NRT,1,lance_archive_rule,JSW Steel Vijayanagar,1.45
11.58795,77.27676,328.51,290.39,2.54,70.0,0.43,0.38,20260901,2023,N,VIIRS,N,2.0NRT,2,lance_archive_rule,cropland,200.735
11.58907,77.26917,316.85,288.53,1.3,70.0,0.43,0.38,20260901,2023,N,VIIRS,N,2.0NRT,2,lance_archive_rule,cropland,200.38
11.58561,77.26827,302.6,289.36,0.71,70.0,0.43,0.38,20260901,2023,N,VIIRS,N,2.0NRT,2,lance_archive_rule,cropland,200.005
11.58526,77.26942,302.45,289.46,0.63,70.0,0.43,0.38,20260901,2023,N,VIIRS,N,2.0NRT,2,lance_archive_rule,cropland,200.042
11.10827,79.43034,306.12,291.65,1.26,70.0,0.38,0.36,20260901,2023,N,VIIRS,N,2.0NRT,2,lance_archive_rule,cropland,58.801
11.43151,77.16531,308.64,293.07,1.7,70.0,0.44,0.38,20260901,2023,N,VIIRS,N,2.0NRT,2,lance_archive_rule,cropland,179.525
10.99333,79.23576,307.67,291.5,2.35,70.0,0.39,0.36,20260901,2023,N,VIIRS,N,2.0NRT,2,lance_archive_rule,cropland,82.276
10.99278,79.23927,318.53,291.83,2.33,70.0,0.39,0.36,20260901,2023,N,VIIRS,N,2.0NRT,2,lance_archive_rule,cropland,82.059
10.92252,78.51923,325.57,293.57,1.96,70.0,0.39,0.37,20260901,2023,N,VIIRS,N,2.0NRT,2,lance_archive_rule,cropland,150.665
10.94335,76.3877,303.97,291.59,0.57,70.0,0.47,0.4,20260901,2023,N,VIIRS,N,2.0NRT,2,lance_archive_rule,cropland,96.398
10.19173,77.64243,304.01,291.74,0.42,70.0,0.41,0.37,20260901,2025,N,VIIRS,N,2.0NRT,2,lance_archive_rule,cropland,142.355
12.1557,79.81212,330.94,288.02,2.65,70.0,0.39,0.59,20260902,0731,N,VIIRS,D,2.0NRT,2,lance_archive_rule,cropland,69.65
17.67918,75.30824,332.06,286.29,6.74,70.0,0.6,0.7,20260902,0733,N,VIIRS,D,2.0NRT,2,lance_archive_rule,cropland,144.91
30.44718,73.801,331.74,294.92,2.56,70.0,0.39,0.59,20260902,0735,N,VIIRS,D,2.0NRT,2,lance_archive_rule,cropland,111.761
31.09262,74.68887,340.43,293.1,3.98,70.0,0.33,0.55,20260902,0737,N,VIIRS,D,2.0NRT,2,lance_archive_rule,cropland,101.077
11.34867,77.58162,343.48,291.66,6.73,70.0,0.68,0.74,20260902,0911,N,VIIRS,D,2.0NRT,2,lance_archive_rule,cropland,201.579
18.6843,73.02866,303.48,282.8,2.69,70.0,0.64,0.72,20260902,2004,N,VIIRS,N,2.0NRT,2,lance_archive_rule,cropland,39.304
18.68376,73.03494,307.43,282.78,2.69,70.0,0.64,0.72,20260902,2004,N,VIIRS,N,2.0NRT,2,lance_archive_rule,cropland,39.603
18.68321,73.04121,301.76,283.02,3.91,70.0,0.64,0.72,20260902,2004,N,VIIRS,N,2.0NRT,2,lance_archive_rule,cropland,39.911
15.18241,76.66785,303.1,283.02,2.21,70.0,0.33,0.56,20260902,2004,N,VIIRS,N,2.0NRT,1,lance_archive_rule,JSW Steel Vijayanagar,0.596
15.17876,76.65467,303.64,283.83,1.51,70.0,0.34,0.56,20260902,2004,N,VIIRS,N,2.0NRT,1,lance_archive_rule,JSW Steel Vijayanagar,1.755
15.17838,76.65782,304.14,284.25,1.94,70.0,0.34,0.56,20260902,2004,N,VIIRS,N,2.0NRT,1,lance_archive_rule,JSW Steel Vijayanagar,1.415
15.17359,76.65408,300.96,281.77,1.23,70.0,0.34,0.56,20260902,2004,N,VIIRS,N,2.0NRT,1,lance_archive_rule,JSW Steel Vijayanagar,1.881
15.17321,76.65722,298.31,283.72,1.52,70.0,0.34,0.56,20260902,2004,N,VIIRS,N,2.0NRT,1,lance_archive_rule,JSW Steel Vijayanagar,1.572
11.80807,77.92142,313.58,284.21,2.3,70.0,0.5,0.49,20260902,2006,N,VIIRS,N,2.0NRT,2,lance_archive_rule,cropland,201.8
11.59569,77.25757,301.79,268.93,1.73,70.0,0.55,0.51,20260902,2006,N,VIIRS,N,2.0NRT,2,lance_archive_rule,cropland,200.3
11.59482,77.264,308.29,271.1,1.73,70.0,0.55,0.51,20260902,2006,N,VIIRS,N,2.0NRT,2,lance_archive_rule,cropland,200.603
11.17563,79.08776,304.65,286.18,0.63,70.0,0.41,0.45,20260902,2006,N,VIIRS,N,2.0NRT,2,lance_archive_rule,cropland,82.643
31.3686,76.35826,302.36,289.07,0.62,70.0,0.44,0.62,20260902,2140,N,VIIRS,N,2.0NRT,2,lance_archive_rule,cropland,187.656
21.1071,72.64617,347.86,288.32,7.05,70.0,0.44,0.63,20260902,2144,N,VIIRS,N,2.0NRT,1,lance_archive_rule,ONGC Hazira Gas Processing Plant,0.558
21.10903,72.63763,307.73,288.01,2.25,70.0,0.44,0.63,20260902,2144,N,VIIRS,N,2.0NRT,1,lance_archive_rule,ONGC Hazira Gas Processing Plant,0.833
21.10334,72.63613,318.44,287.95,2.34,70.0,0.44,0.63,20260902,2144,N,VIIRS,N,2.0NRT,1,lance_archive_rule,ONGC Hazira Gas Processing Plant,1.332
21.10142,72.64466,307.16,287.46,2.25,70.0,0.44,0.63,20260902,2144,N,VIIRS,N,2.0NRT,1,lance_archive_rule,ONGC Hazira Gas Processing Plant,1.177
10.23653,79.19613,367.0,294.56,11.42,90.0,0.41,0.6,20260903,0852,N,VIIRS,D,2.0NRT,2,lance_archive_rule,cropland,156.357
10.9525,78.43614,334.3,273.55,2.9,70.0,0.37,0.58,20260903,0852,N,VIIRS,D,2.0NRT,2,lance_archive_rule,cropland,157.411
11.50817,79.52599,344.98,294.04,2.7,70.0,0.44,0.63,20260903,0852,N,VIIRS,D,2.0NRT,2,lance_archive_rule,cropland,24.875
11.5078,79.52651,346.56,294.32,4.34,70.0,0.45,0.63,20260903,0852,N,VIIRS,D,2.0NRT,2,lance_archive_rule,cropland,24.823
18.51911,74.35187,330.29,296.04,4.86,70.0,0.5,0.49,20260903,0856,N,VIIRS,D,2.0NRT,2,lance_archive_rule,cropland,144.218
18.51854,74.3471,334.46,296.41,4.86,70.0,0.5,0.49,20260903,0856,N,VIIRS,D,2.0NRT,2,lance_archive_rule,cropland,143.825
18.56307,74.36423,332.55,297.39,7.46,70.0,0.5,0.49,20260903,0856,N,VIIRS,D,2.0NRT,2,lance_archive_rule,cropland,142.822
18.69169,73.04173,334.81,295.45,5.14,70.0,0.42,0.45,20260903,0856,N,VIIRS,D,2.0NRT,2,lance_archive_rule,cropland,39.066
21.10661,72.64839,332.65,296.01,4.4,70.0,0.42,0.45,20260903,0856,N,VIIRS,D,2.0NRT,1,lance_archive_rule,ONGC Hazira Gas Processing Plant,0.695
29.88983,73.90404,333.23,296.63,1.81,70.0,0.32,0.55,20260903,0858,N,VIIRS,D,2.0NRT,2,lance_archive_rule,cropland,105.076
26.75918,83.19909,306.85,285.78,1.16,70.0,0.35,0.57,20260903,1942,N,VIIRS,N,2.0NRT,2,lance_archive_rule,cropland,454.112
15.18083,76.6638,298.03,269.99,2.73,70.0,0.69,0.74,20260903,1947,N,VIIRS,N,2.0NRT,1,lance_archive_rule,JSW Steel Vijayanagar,0.834
15.18172,76.66895,299.3,274.25,1.25,70.0,0.69,0.74,20260903,1947,N,VIIRS,N,2.0NRT,1,lance_archive_rule,JSW Steel Vijayanagar,0.469
15.18106,76.67557,302.03,278.37,1.25,70.0,0.69,0.74,20260903,1947,N,VIIRS,N,2.0NRT,1,lance_archive_rule,JSW Steel Vijayanagar,0.597
21.10739,72.64669,342.3,292.6,7.81,70.0,0.45,0.47,20260903,2125,N,VIIRS,N,2.0NRT,1,lance_archive_rule,ONGC Hazira Gas Processing Plant,0.542
21.10483,72.63718,307.78,291.05,1.6,70.0,0.45,0.47,20260903,2125,N,VIIRS,N,2.0NRT,1,lance_archive_rule,ONGC Hazira Gas Processing Plant,1.137
21.10314,72.64573,307.67,291.0,2.61,70.0,0.45,0.47,20260903,2125,N,VIIRS,N,2.0NRT,1,lance_archive_rule,ONGC Hazira Gas Processing Plant,0.988
21.10058,72.63622,307.03,290.82,1.6,70.0,0.45,0.47,20260903,2125,N,VIIRS,N,2.0NRT,1,lance_archive_rule,ONGC Hazira Gas Processing Plant,1.563
31.26022,76.92496,303.07,288.42,2.04,70.0,0.51,0.49,20260903,2123,N,VIIRS,N,2.0NRT,2,lance_archive_rule,cropland,205.687
29.47491,76.86111,321.58,291.09,4.53,70.0,0.55,0.51,20260903,2123,N,VIIRS,N,2.0NRT,2,lance_archive_rule,cropland,13.365
29.47618,76.85554,311.96,290.99,4.41,70.0,0.55,0.51,20260903,2123,N,VIIRS,N,2.0NRT,2,lance_archive_rule,cropland,13.898
29.4779,76.85962,322.24,291.14,5.5,70.0,0.55,0.51,20260903,2123,N,VIIRS,N,2.0NRT,2,lance_archive_rule,cropland,13.665
29.47329,76.85825,320.78,290.76,5.35,70.0,0.55,0.51,20260903,2123,N,VIIRS,N,2.0NRT,2,lance_archive_rule,cropland,13.507
18.68717,73.03136,303.75,286.82,3.48,70.0,0.52,0.5,20260903,2125,N,VIIRS,N,2.0NRT,2,lance_archive_rule,cropland,39.111
18.68517,73.04121,303.66,286.86,2.63,70.0,0.52,0.5,20260903,2125,N,VIIRS,N,2.0NRT,2,lance_archive_rule,cropland,39.71
25.94198,72.19152,328.97,295.09,4.61,70.0,0.53,0.42,20260903,2125,N,VIIRS,N,2.0NRT,1,lance_archive_rule,RIICO Balotra Industrial & Dyeing Area,1.555
18.69051,73.04059,303.23,286.61,2.42,70.0,0.52,0.5,20260903,2125,N,VIIRS,N,2.0NRT,2,lance_archive_rule,cropland,39.139
18.68594,73.03958,303.16,286.88,1.63,70.0,0.52,0.5,20260903,2125,N,VIIRS,N,2.0NRT,2,lance_archive_rule,cropland,39.565
25.94437,72.19054,317.01,294.81,2.7,70.0,0.53,0.42,20260903,2125,N,VIIRS,N,2.0NRT,1,lance_archive_rule,RIICO Balotra Industrial & Dyeing Area,1.782
18.68331,73.0287,301.11,286.49,2.72,70.0,0.52,0.5,20260903,2125,N,VIIRS,N,2.0NRT,2,lance_archive_rule,cropland,39.409
25.94338,72.19575,311.07,294.72,2.18,70.0,0.53,0.42,20260903,2125,N,VIIRS,N,2.0NRT,1,lance_archive_rule,RIICO Balotra Industrial & Dyeing Area,1.313
18.68235,73.03365,304.96,286.6,1.63,70.0,0.52,0.5,20260903,2125,N,VIIRS,N,2.0NRT,2,lance_archive_rule,cropland,39.698
18.68138,73.03857,306.06,286.54,1.63,70.0,0.52,0.5,20260903,2125,N,VIIRS,N,2.0NRT,2,lance_archive_rule,cropland,39.992
15.18179,76.66799,306.52,281.19,2.6,70.0,0.53,0.67,20260903,2125,N,VIIRS,N,2.0NRT,1,lance_archive_rule,JSW Steel Vijayanagar,0.531
15.17781,76.65665,313.84,281.26,3.05,70.0,0.52,0.67,20260903,2125,N,VIIRS,N,2.0NRT,1,lance_archive_rule,JSW Steel Vijayanagar,1.54
10.02841,78.05846,335.35,300.7,8.53,70.0,0.43,0.46,20260905,0835,N20,VIIRS,D,2.0NRT,2,lance_archive_rule,cropland,186.248
10.10579,77.83781,336.52,302.21,4.29,70.0,0.41,0.45,20260905,0835,N20,VIIRS,D,2.0NRT,2,lance_archive_rule,cropland,162.516
10.85424,78.68019,351.58,298.37,20.51,70.0,0.48,0.48,20260905,0835,N20,VIIRS,D,2.0NRT,2,lance_archive_rule,cropland,139.189
10.87593,77.97946,344.35,302.68,10.19,70.0,0.43,0.46,20260905,0835,N20,VIIRS,D,2.0NRT,2,lance_archive_rule,cropland,202.734
10.93433,77.19016,340.17,305.95,6.53,70.0,0.39,0.44,20260905,0835,N20,VIIRS,D,2.0NRT,2,lance_archive_rule,cropland,138.776
10.9785,76.98156,335.4,298.12,3.11,70.0,0.56,0.43,20260905,0835,N20,VIIRS,D,2.0NRT,2,lance_archive_rule,cropland,126.976
11.00253,77.12383,346.08,306.55,10.19,70.0,0.38,0.43,20260905,0835,N20,VIIRS,D,2.0NRT,2,lance_archive_rule,cropland,139.16
11.95854,78.75902,332.21,297.02,4.19,70.0,0.5,0.49,20260905,0835,N20,VIIRS,D,2.0NRT,2,lance_archive_rule,cropland,118.149
12.17388,78.93881,342.31,299.54,6.41,70.0,0.52,0.5,20260905,0835,N20,VIIRS,D,2.0NRT,2,lance_archive_rule,cropland,113.775
12.06562,77.03265,340.18,305.58,3.69,70.0,0.39,0.44,20260905,0835,N20,VIIRS,D,2.0NRT,2,lance_archive_rule,cropland,235.834
12.00694,76.52467,335.43,304.71,6.58,70.0,0.55,0.42,20260905,0835,N20,VIIRS,D,2.0NRT,2,lance_archive_rule,cropland,204.827
12.08199,76.8081,337.54,308.2,6.82,50.0,0.57,0.43,20260905,0835,N20,VIIRS,D,2.0NRT,2,lance_archive_rule,cropland,228.613
12.09133,76.81746,339.62,306.51,5.82,70.0,0.57,0.43,20260905,0835,N20,VIIRS,D,2.0NRT,2,lance_archive_rule,cropland,229.125
12.10958,76.89243,330.14,303.45,0.64,50.0,0.38,0.43,20260905,0835,N20,VIIRS,D,2.0NRT,2,lance_archive_rule,cropland,235.451
12.48486,77.34094,334.62,305.56,4.6,50.0,0.41,0.45,20260905,0835,N20,VIIRS,D,2.0NRT,2,lance_archive_rule,cropland,271.016
18.5752,74.46596,332.15,297.06,1.68,70.0,0.5,0.41,20260905,0835,N20,VIIRS,D,2.0NRT,2,lance_archive_rule,cropland,151.577
18.69589,74.44584,334.58,296.48,3.78,70.0,0.5,0.41,20260905,0835,N20,VIIRS,D,2.0NRT,2,lance_archive_rule,cropland,143.909
30.48693,73.84731,333.33,296.03,3.47,70.0,0.43,0.46,20260905,0839,N20,VIIRS,D,2.0NRT,2,lance_archive_rule,cropland,108.608
22.79804,86.19794,313.33,290.93,1.39,70.0,0.32,0.55,20260905,1925,N20,VIIRS,N,2.0NRT,1,lance_archive_rule,Tata Steel Jamshedpur Works,0.783
22.79299,86.19738,307.98,290.96,1.39,70.0,0.32,0.55,20260905,1925,N20,VIIRS,N,2.0NRT,1,lance_archive_rule,Tata Steel Jamshedpur Works,1.313
13.15991,80.27797,306.34,285.87,1.59,70.0,0.61,0.71,20260905,1928,N20,VIIRS,N,2.0NRT,1,lance_archive_rule,TN PetroProducts Manali,2.148
13.16012,80.28133,306.44,286.03,2.69,70.0,0.61,0.71,20260905,1928,N20,VIIRS,N,2.0NRT,1,lance_archive_rule,TN PetroProducts Manali,2.281
31.25992,76.92314,300.63,289.45,0.4,70.0,0.53,0.42,20260905,2104,N20,VIIRS,N,2.0NRT,2,lance_archive_rule,cropland,205.658
31.61647,74.37518,310.03,294.09,2.26,70.0,0.41,0.37,20260905,2104,N20,VIIRS,N,2.0NRT,2,lance_archive_rule,cropland,165.377
31.64455,74.15454,309.91,293.01,1.53,70.0,0.41,0.37,20260905,2104,N20,VIIRS,N,2.0NRT,2,lance_archive_rule,cropland,176.11
29.47778,76.85781,305.57,290.94,1.29,70.0,0.56,0.43,20260905,2104,N20,VIIRS,N,2.0NRT,2,lance_archive_rule,cropland,13.805
21.1022,72.63403,303.0,289.7,2.97,70.0,0.46,0.39,20260905,2106,N20,VIIRS,N,2.0NRT,1,lance_archive_rule,ONGC Hazira Gas Processing Plant,1.576
15.18284,76.66691,308.78,289.42,1.37,70.0,0.34,0.56,20260905,2108,N20,VIIRS,N,2.0NRT,1,lance_archive_rule,JSW Steel Vijayanagar,0.694
15.18026,76.65346,304.16,288.74,0.73,70.0,0.34,0.56,20260905,2108,N20,VIIRS,N,2.0NRT,1,lance_archive_rule,JSW Steel Vijayanagar,1.899
15.17965,76.65654,312.82,289.26,2.34,70.0,0.34,0.56,20260905,2108,N20,VIIRS,N,2.0NRT,1,lance_archive_rule,JSW Steel Vijayanagar,1.563
15.17597,76.675,317.24,289.07,1.81,70.0,0.34,0.56,20260905,2108,N20,VIIRS,N,2.0NRT,1,lance_archive_rule,JSW Steel Vijayanagar,0.485
15.17523,76.65232,303.49,288.48,0.73,70.0,0.34,0.56,20260905,2108,N20,VIIRS,N,2.0NRT,1,lance_archive_rule,JSW Steel Vijayanagar,2.028
11.63562,77.6582,304.36,284.92,1.07,70.0,0.46,0.63,20260905,2108,N20,VIIRS,N,2.0NRT,2,lance_archive_rule,cropland,228.477
29.90779,74.95393,334.59,293.52,3.63,70.0,0.48,0.64,20260904,0858,N20,VIIRS,D,2.0NRT,2,lance_archive_rule,cropland,33.448
10.12954,77.52656,311.78,287.65,1.47,70.0,0.4,0.6,20260904,1947,N20,VIIRS,N,2.0NRT,2,lance_archive_rule,cropland,128.851
22.7957,86.19765,309.13,282.16,2.39,70.0,0.5,0.41,20260904,1945,N20,VIIRS,N,2.0NRT,1,lance_archive_rule,Tata Steel Jamshedpur Works,1.025
22.79195,86.19707,302.5,283.82,1.52,70.0,0.5,0.41,20260904,1945,N20,VIIRS,N,2.0NRT,1,lance_archive_rule,Tata Steel Jamshedpur Works,1.432
22.78821,86.19647,300.73,284.59,1.52,70.0,0.5,0.41,20260904,1945,N20,VIIRS,N,2.0NRT,1,lance_archive_rule,Tata Steel Jamshedpur Works,1.845
22.79802,86.20056,307.02,283.16,2.58,70.0,0.5,0.41,20260904,1945,N20,VIIRS,N,2.0NRT,1,lance_archive_rule,Tata Steel Jamshedpur Works,0.681
22.79119,86.19455,301.64,284.17,1.28,70.0,0.5,0.41,20260904,1945,N20,VIIRS,N,2.0NRT,1,lance_archive_rule,Tata Steel Jamshedpur Works,1.616
22.79053,86.19944,301.18,286.04,1.55,70.0,0.5,0.41,20260904,1945,N20,VIIRS,N,2.0NRT,1,lance_archive_rule,Tata Steel Jamshedpur Works,1.521
22.78679,86.19888,302.33,285.6,1.55,70.0,0.5,0.41,20260904,1945,N20,VIIRS,N,2.0NRT,1,lance_archive_rule,Tata Steel Jamshedpur Works,1.94
15.18375,76.66516,317.98,290.41,4.16,70.0,0.54,0.68,20260904,1947,N20,VIIRS,N,2.0NRT,1,lance_archive_rule,JSW Steel Vijayanagar,0.895
15.18323,76.6702,308.2,289.93,1.85,70.0,0.54,0.68,20260904,1947,N20,VIIRS,N,2.0NRT,1,lance_archive_rule,JSW Steel Vijayanagar,0.588
15.18269,76.67524,311.05,290.06,1.85,70.0,0.54,0.68,20260904,1947,N20,VIIRS,N,2.0NRT,1,lance_archive_rule,JSW Steel Vijayanagar,0.692
15.17856,76.65443,308.14,290.38,2.77,70.0,0.54,0.68,20260904,1947,N20,VIIRS,N,2.0NRT,1,lance_archive_rule,JSW Steel Vijayanagar,1.779
15.17644,76.67462,307.18,289.89,1.85,70.0,0.54,0.68,20260904,1947,N20,VIIRS,N,2.0NRT,1,lance_archive_rule,JSW Steel Vijayanagar,0.425
11.19646,79.05567,300.86,286.76,1.55,70.0,0.33,0.55,20260904,1949,N20,VIIRS,N,2.0NRT,2,lance_archive_rule,cropland,84.682
11.17693,79.08677,307.96,288.59,2.11,70.0,0.33,0.55,20260904,1949,N20,VIIRS,N,2.0NRT,2,lance_archive_rule,cropland,82.669
19.02249,72.89153,334.0,290.05,3.86,70.0,0.33,0.55,20260904,2125,N20,VIIRS,N,2.0NRT,1,lance_archive_rule,BPCL Mumbai Refinery,0.979
19.02186,72.89457,332.93,290.4,4.03,70.0,0.33,0.55,20260904,2125,N20,VIIRS,N,2.0NRT,1,lance_archive_rule,BPCL Mumbai Refinery,0.876
18.69118,73.03957,303.11,289.73,0.96,70.0,0.34,0.56,20260904,2125,N20,VIIRS,N,2.0NRT,2,lance_archive_rule,cropland,39.028
18.68741,73.03207,306.38,290.44,2.08,70.0,0.34,0.56,20260904,2125,N20,VIIRS,N,2.0NRT,2,lance_archive_rule,cropland,39.114
18.6861,73.0384,301.8,290.11,0.96,70.0,0.34,0.56,20260904,2125,N20,VIIRS,N,2.0NRT,2,lance_archive_rule,cropland,39.501
18.68169,73.03407,301.62,290.29,1.48,70.0,0.34,0.56,20260904,2125,N20,VIIRS,N,2.0NRT,2,lance_archive_rule,cropland,39.783
15.18306,76.66953,303.1,287.56,3.27,70.0,0.7,0.75,20260904,2125,N20,VIIRS,N,2.0NRT,1,lance_archive_rule,JSW Steel Vijayanagar,0.584
15.17927,76.65517,309.6,287.34,4.31,70.0,0.69,0.75,20260904,2125,N20,VIIRS,N,2.0NRT,1,lance_archive_rule,JSW Steel Vijayanagar,1.705
15.18014,76.6731,303.04,287.38,3.38,70.0,0.7,0.75,20260904,2125,N20,VIIRS,N,2.0NRT,1,lance_archive_rule,JSW Steel Vijayanagar,0.328
15.17767,76.65236,304.58,287.09,2.23,70.0,0.7,0.75,20260904,2125,N20,VIIRS,N,2.0NRT,1,lance_archive_rule,JSW Steel Vijayanagar,2.001
15.17627,76.65868,301.35,287.48,2.5,70.0,0.7,0.75,20260904,2125,N20,VIIRS,N,2.0NRT,1,lance_archive_rule,JSW Steel Vijayanagar,1.336
31.25863,76.92339,299.65,286.47,0.74,70.0,0.32,0.55,20260904,2123,N20,VIIRS,N,2.0NRT,2,lance_archive_rule,cropland,205.514
31.25797,76.92616,299.97,287.19,1.0,70.0,0.32,0.55,20260904,2123,N20,VIIRS,N,2.0NRT,2,lance_archive_rule,cropland,205.434
21.10428,72.64712,347.97,298.8,9.54,70.0,0.43,0.46,20260830,0850,N20,VIIRS,D,2.0NRT,1,lance_archive_rule,ONGC Hazira Gas Processing Plant,0.886
21.1033,72.63883,334.9,296.27,5.36,70.0,0.43,0.46,20260830,0850,N20,VIIRS,D,2.0NRT,1,lance_archive_rule,ONGC Hazira Gas Processing Plant,1.16
21.10281,72.6347,341.97,297.24,5.36,70.0,0.43,0.46,20260830,0850,N20,VIIRS,D,2.0NRT,1,lance_archive_rule,ONGC Hazira Gas Processing Plant,1.478
30.49334,73.83079,367.0,296.72,12.23,90.0,0.33,0.55,20260830,0852,N20,VIIRS,D,2.0NRT,2,lance_archive_rule,cropland,110.327
31.57862,74.81806,332.74,293.89,3.13,70.0,0.39,0.59,20260830,0852,N20,VIIRS,D,2.0NRT,2,lance_archive_rule,cropland,152.793
15.18226,76.66277,300.4,265.07,7.11,70.0,0.69,0.74,20260830,1940,N20,VIIRS,N,2.0NRT,1,lance_archive_rule,JSW Steel Vijayanagar,1.002
10.10931,77.46021,303.47,289.61,0.64,70.0,0.53,0.67,20260830,1942,N20,VIIRS,N,2.0NRT,2,lance_archive_rule,cropland,121.382
18.49127,74.60493,301.0,288.03,0.53,70.0,0.34,0.56,20260830,2121,N20,VIIRS,N,2.0NRT,2,lance_archive_rule,cropland,168.89
18.54775,74.2534,306.65,287.54,0.82,70.0,0.33,0.55,20260830,2121,N20,VIIRS,N,2.0NRT,2,lance_archive_rule,cropland,133.75
17.54469,73.15681,334.72,288.88,3.59,70.0,0.58,0.52,20260830,2121,N20,VIIRS,N,2.0NRT,2,lance_archive_rule,cropland,165.719
29.47735,76.8579,334.37,289.34,7.34,70.0,0.56,0.52,20260830,2116,N20,VIIRS,N,2.0NRT,2,lance_archive_rule,cropland,13.772
28.74474,76.9258,302.82,286.68,1.53,70.0,0.59,0.53,20260830,2116,N20,VIIRS,N,2.0NRT,2,lance_archive_rule,cropland,34.04
25.94213,72.19216,318.98,293.98,2.51,70.0,0.54,0.42,20260830,2118,N20,VIIRS,N,2.0NRT,1,lance_archive_rule,RIICO Balotra Industrial & Dyeing Area,1.509
17.77075,75.83885,338.77,299.26,1.97,70.0,0.48,0.4,20260831,0830,N20,VIIRS,D,2.0NRT,2,lance_archive_rule,cropland,143.525
17.96539,75.48702,336.33,299.52,3.37,70.0,0.46,0.39,20260831,0830,N20,VIIRS,D,2.0NRT,2,lance_archive_rule,cropland,169.416
21.10255,72.63916,337.23,296.08,7.44,70.0,0.39,0.37,20260831,0833,N20,VIIRS,D,2.0NRT,1,lance_archive_rule,ONGC Hazira Gas Processing Plant,1.213
21.102,72.63538,337.48,299.47,9.17,70.0,0.39,0.37,20260831,0833,N20,VIIRS,D,2.0NRT,1,lance_archive_rule,ONGC Hazira Gas Processing Plant,1.494
31.37635,74.44994,338.11,298.85,4.08,70.0,0.39,0.44,20260831,0835,N20,VIIRS,D,2.0NRT,2,lance_archive_rule,cropland,137.833
31.41202,74.55347,330.68,299.58,1.49,70.0,0.39,0.44,20260831,0835,N20,VIIRS,D,2.0NRT,2,lance_archive_rule,cropland,138.675
31.47198,74.22855,332.0,300.74,3.85,70.0,0.57,0.43,20260831,0835,N20,VIIRS,D,2.0NRT,2,lance_archive_rule,cropland,155.769
31.80262,73.7253,330.04,297.09,3.75,70.0,0.54,0.42,20260831,0835,N20,VIIRS,D,2.0NRT,2,lance_archive_rule,cropland,211.341
10.03775,78.14595,334.77,305.02,4.01,50.0,0.52,0.41,20260831,0828,N20,VIIRS,D,2.0NRT,2,lance_archive_rule,cropland,195.847
10.04175,77.58042,339.12,304.56,29.4,70.0,0.48,0.4,20260831,0828,N20,VIIRS,D,2.0NRT,2,lance_archive_rule,cropland,133.969
10.27317,78.84991,337.68,288.04,3.9,70.0,0.38,0.43,20260831,0828,N20,VIIRS,D,2.0NRT,2,lance_archive_rule,cropland,171.219
10.28726,77.86376,336.28,282.82,4.79,70.0,0.5,0.41,20260831,0828,N20,VIIRS,D,2.0NRT,2,lance_archive_rule,cropland,168.056
10.66276,78.48209,335.26,299.46,2.22,70.0,0.55,0.43,20260831,0828,N20,VIIRS,D,2.0NRT,2,lance_archive_rule,cropland,169.035
10.73763,78.73309,335.81,298.79,3.35,70.0,0.57,0.43,20260831,0828,N20,VIIRS,D,2.0NRT,2,lance_archive_rule,cropland,142.07
10.76245,78.65031,334.91,299.28,3.55,70.0,0.57,0.43,20260831,0828,N20,VIIRS,D,2.0NRT,2,lance_archive_rule,cropland,147.628
10.76564,78.65233,338.36,300.99,5.89,70.0,0.57,0.43,20260831,0828,N20,VIIRS,D,2.0NRT,2,lance_archive_rule,cropland,147.243
10.84943,78.79076,335.91,300.38,3.38,70.0,0.39,0.44,20260831,0828,N20,VIIRS,D,2.0NRT,2,lance_archive_rule,cropland,129.528
11.46265,79.2357,335.83,300.33,3.95,70.0,0.42,0.45,20260831,0828,N20,VIIRS,D,2.0NRT,2,lance_archive_rule,cropland,56.892
11.45847,79.20508,331.29,298.72,4.75,70.0,0.42,0.45,20260831,0828,N20,VIIRS,D,2.0NRT,2,lance_archive_rule,cropland,60.261
11.19128,76.92039,332.0,296.2,2.29,70.0,0.46,0.39,20260831,0828,N20,VIIRS,D,2.0NRT,2,lance_archive_rule,cropland,142.69
11.62768,78.61454,338.59,299.74,2.1,70.0,0.39,0.44,20260831,0828,N20,VIIRS,D,2.0NRT,2,lance_archive_rule,cropland,124.47
11.70993,79.0149,333.03,300.21,1.34,70.0,0.41,0.45,20260831,0828,N20,VIIRS,D,2.0NRT,2,lance_archive_rule,cropland,82.789
11.47324,77.20173,333.62,295.28,3.2,70.0,0.48,0.4,20260831,0828,N20,VIIRS,D,2.0NRT,2,lance_archive_rule,cropland,185.588
12.05407,79.33384,333.4,303.79,1.84,50.0,0.43,0.46,20260831,0828,N20,VIIRS,D,2.0NRT,2,lance_archive_rule,cropland,73.835
11.88784,77.23312,339.3,295.55,4.91,70.0,0.49,0.4,20260831,0828,N20,VIIRS,D,2.0NRT,2,lance_archive_rule,cropland,226.923
12.24117,79.08451,341.4,299.69,3.57,70.0,0.42,0.45,20260831,0828,N20,VIIRS,D,2.0NRT,2,lance_archive_rule,cropland,107.281
12.40623,79.97924,330.41,300.37,4.96,70.0,0.48,0.48,20260831,0828,N20,VIIRS,D,2.0NRT,2,lance_archive_rule,cropland,89.9
12.34985,79.22876,351.38,306.01,26.13,70.0,0.43,0.46,20260831,0828,N20,VIIRS,D,2.0NRT,2,lance_archive_rule,cropland,107.344
12.35043,79.22861,353.47,303.73,20.52,70.0,0.43,0.46,20260831,0828,N20,VIIRS,D,2.0NRT,2,lance_archive_rule,cropland,107.407
21.10775,72.64704,312.17,281.09,1.67,70.0,0.41,0.37,20260831,2059,N20,VIIRS,N,2.0NRT,1,lance_archive_rule,ONGC Hazira Gas Processing Plant,0.518
21.10298,72.63417,330.34,284.89,2.63,70.0,0.41,0.37,20260831,2059,N20,VIIRS,N,2.0NRT,1,lance_archive_rule,ONGC Hazira Gas Processing Plant,1.506
21.10232,72.63803,306.19,282.98,2.63,70.0,0.41,0.37,20260831,2059,N20,VIIRS,N,2.0NRT,1,lance_archive_rule,ONGC Hazira Gas Processing Plant,1.297
11.18185,79.09965,306.88,286.8,1.49,70.0,0.46,0.63,20260831,2101,N20,VIIRS,N,2.0NRT,2,lance_archive_rule,cropland,81.174
11.28316,77.87854,300.36,283.12,0.23,70.0,0.38,0.58,20260831,2101,N20,VIIRS,N,2.0NRT,2,lance_archive_rule,cropland,206.177
31.60895,74.38851,309.35,295.35,0.74,70.0,0.39,0.36,20260831,2057,N20,VIIRS,N,2.0NRT,2,lance_archive_rule,cropland,164.18
31.64362,74.15421,310.73,295.24,0.87,70.0,0.39,0.36,20260831,2057,N20,VIIRS,N,2.0NRT,2,lance_archive_rule,cropland,176.03
30.25077,74.9136,308.85,296.36,1.01,70.0,0.4,0.37,20260831,2057,N20,VIIRS,N,2.0NRT,2,lance_archive_rule,cropland,5.074
30.18642,74.48694,311.31,294.97,2.35,70.0,0.39,0.36,20260831,2057,N20,VIIRS,N,2.0NRT,2,lance_archive_rule,cropland,42.84
29.46107,76.8892,307.39,292.41,3.12,70.0,0.47,0.4,20260831,2057,N20,VIIRS,N,2.0NRT,2,lance_archive_rule,cropland,10.244
25.94237,72.19138,308.51,292.63,1.0,70.0,0.38,0.36,20260831,2057,N20,VIIRS,N,2.0NRT,1,lance_archive_rule,RIICO Balotra Industrial & Dyeing Area,1.589
30.66109,76.31641,334.5,298.08,3.62,70.0,0.43,0.38,20260901,0813,N20,VIIRS,D,2.0NRT,2,lance_archive_rule,cropland,141.967
31.13703,74.91448,330.19,305.04,6.71,50.0,0.4,0.37,20260901,0813,N20,VIIRS,D,2.0NRT,2,lance_archive_rule,cropland,103.317
31.12613,74.62209,336.29,298.91,8.0,70.0,0.39,0.36,20260901,0813,N20,VIIRS,D,2.0NRT,2,lance_archive_rule,cropland,106.307
31.62152,73.99264,332.44,297.98,1.96,70.0,0.39,0.36,20260901,0816,N20,VIIRS,D,2.0NRT,2,lance_archive_rule,cropland,180.925
10.16487,79.23363,332.5,303.93,4.19,50.0,0.39,0.36,20260901,0809,N20,VIIRS,D,2.0NRT,2,lance_archive_rule,cropland,162.254
10.04949,77.92572,342.23,310.22,24.12,50.0,0.39,0.36,20260901,0809,N20,VIIRS,D,2.0NRT,2,lance_archive_rule,cropland,171.782
10.53186,79.39458,336.41,308.6,4.3,50.0,0.39,0.36,20260901,0809,N20,VIIRS,D,2.0NRT,2,lance_archive_rule,cropland,117.89
10.67378,79.27847,337.66,307.5,3.46,70.0,0.39,0.36,20260901,0809,N20,VIIRS,D,2.0NRT,2,lance_archive_rule,cropland,108.571
10.85916,79.8132,333.86,303.25,1.98,70.0,0.4,0.37,20260901,0809,N20,VIIRS,D,2.0NRT,2,lance_archive_rule,cropland,75.104
10.89396,79.54767,331.55,304.62,2.42,50.0,0.39,0.36,20260901,0809,N20,VIIRS,D,2.0NRT,2,lance_archive_rule,cropland,74.398
10.86964,79.29421,338.56,309.91,3.41,50.0,0.39,0.36,20260901,0809,N20,VIIRS,D,2.0NRT,2,lance_archive_rule,cropland,89.044
10.88104,79.32494,339.46,310.8,2.56,50.0,0.39,0.36,20260901,0809,N20,VIIRS,D,2.0NRT,2,lance_archive_rule,cropland,86.136
10.96822,79.74831,330.42,302.13,3.13,50.0,0.39,0.37,20260901,0809,N20,VIIRS,D,2.0NRT,2,lance_archive_rule,cropland,62.692
10.94656,79.55784,330.16,302.62,3.76,50.0,0.39,0.36,20260901,0809,N20,VIIRS,D,2.0NRT,2,lance_archive_rule,cropland,68.489
11.01856,79.83994,338.87,305.96,3.22,70.0,0.4,0.37,20260901,0809,N20,VIIRS,D,2.0NRT,2,lance_archive_rule,cropland,57.874
11.00979,79.4135,341.18,308.25,3.37,70.0,0.39,0.36,20260901,0809,N20,VIIRS,D,2.0NRT,2,lance_archive_rule,cropland,68.865
11.06238,79.42599,342.69,308.14,3.87,70.0,0.39,0.36,20260901,0809,N20,VIIRS,D,2.0NRT,2,lance_archive_rule,cropland,63.232
11.19052,79.69118,331.18,301.92,2.07,50.0,0.39,0.37,20260901,0809,N20,VIIRS,D,2.0NRT,2,lance_archive_rule,cropland,38.564
11.14982,78.03407,340.69,308.1,6.75,70.0,0.39,0.36,20260901,0809,N20,VIIRS,D,2.0NRT,2,lance_archive_rule,cropland,192.162
11.33965,79.0102,340.85,309.77,8.93,70.0,0.39,0.36,20260901,0809,N20,VIIRS,D,2.0NRT,2,lance_archive_rule,cropland,83.734
11.47595,79.2412,333.51,304.48,3.37,50.0,0.39,0.36,20260901,0809,N20,VIIRS,D,2.0NRT,2,lance_archive_rule,cropland,56.113
11.69631,79.12608,349.14,310.78,13.01,70.0,0.39,0.36,20260901,0809,N20,VIIRS,D,2.0NRT,2,lance_archive_rule,cropland,70.685
11.84283,78.90457,340.49,311.25,8.25,50.0,0.39,0.36,20260901,0809,N20,VIIRS,D,2.0NRT,2,lance_archive_rule,cropland,98.639
11.99543,79.53955,338.87,307.58,9.74,70.0,0.4,0.37,20260901,0809,N20,VIIRS,D,2.0NRT,2,lance_archive_rule,cropland,56.528
12.05794,79.8463,335.54,302.75,2.41,70.0,0.4,0.37,20260901,0809,N20,VIIRS,D,2.0NRT,2,lance_archive_rule,cropland,59.357
12.06666,79.58771,338.45,305.63,2.7,70.0,0.4,0.37,20260901,0809,N20,VIIRS,D,2.0NRT,2,lance_archive_rule,cropland,62.114
12.09079,79.56552,341.42,308.34,10.37,70.0,0.4,0.37,20260901,0809,N20,VIIRS,D,2.0NRT,2,lance_archive_rule,cropland,65.399
12.32097,79.67798,336.31,304.35,4.51,70.0,0.4,0.37,20260901,0809,N20,VIIRS,D,2.0NRT,2,lance_archive_rule,cropland,88.108
12.32043,79.67432,334.36,304.79,3.47,50.0,0.4,0.37,20260901,0809,N20,VIIRS,D,2.0NRT,2,lance_archive_rule,cropland,88.086
12.33565,78.99867,348.36,312.93,22.47,70.0,0.39,0.36,20260901,0809,N20,VIIRS,D,2.0NRT,2,lance_archive_rule,cropland,121.326
12.41561,79.51421,334.56,304.89,1.9,70.0,0.4,0.37,20260901,0809,N20,VIIRS,D,2.0NRT,2,lance_archive_rule,cropland,101.628
12.33323,78.84695,345.02,310.36,6.94,70.0,0.39,0.36,20260901,0809,N20,VIIRS,D,2.0NRT,2,lance_archive_rule,cropland,132.867
12.13971,77.07882,345.6,298.79,12.97,50.0,0.4,0.37,20260901,0809,N20,VIIRS,D,2.0NRT,2,lance_archive_rule,cropland,245.334
15.17716,76.65712,340.96,297.93,4.07,70.0,0.39,0.36,20260901,0809,N20,VIIRS,D,2.0NRT,1,lance_archive_rule,JSW Steel Vijayanagar,1.492
17.99069,74.74986,333.18,299.54,2.95,70.0,0.42,0.38,20260901,0811,N20,VIIRS,D,2.0NRT,2,lance_archive_rule,cropland,204.131
32.10409,74.17372,316.46,293.24,1.86,70.0,0.49,0.41,20260901,2038,N20,VIIRS,N,2.0NRT,2,lance_archive_rule,cropland,222.838
32.10223,74.17729,318.25,293.85,1.77,70.0,0.49,0.41,20260901,2038,N20,VIIRS,N,2.0NRT,2,lance_archive_rule,cropland,222.533
29.12574,75.77645,309.75,295.3,0.88,70.0,0.41,0.37,20260901,2040,N20,VIIRS,N,2.0NRT,2,lance_archive_rule,cropland,118.798
27.79342,75.33019,305.85,293.56,0.88,70.0,0.41,0.37,20260901,2040,N20,VIIRS,N,2.0NRT,2,lance_archive_rule,cropland,84.255
21.10774,72.64625,339.47,293.54,5.93,70.0,0.45,0.39,20260901,2042,N20,VIIRS,N,2.0NRT,1,lance_archive_rule,ONGC Hazira Gas Processing Plant,0.491
21.10893,72.63769,312.71,292.29,2.98,70.0,0.45,0.39,20260901,2042,N20,VIIRS,N,2.0NRT,1,lance_archive_rule,ONGC Hazira Gas Processing Plant,0.832
21.10419,72.64568,323.91,291.88,4.03,70.0,0.45,0.39,20260901,2042,N20,VIIRS,N,2.0NRT,1,lance_archive_rule,ONGC Hazira Gas Processing Plant,0.871
21.10184,72.63655,324.85,291.8,3.51,70.0,0.45,0.39,20260901,2042,N20,VIIRS,N,2.0NRT,1,lance_archive_rule,ONGC Hazira Gas Processing Plant,1.43
19.93619,73.71277,304.74,279.38,1.0,70.0,0.4,0.37,20260901,2042,N20,VIIRS,N,2.0NRT,2,lance_archive_rule,cropland,98.635
18.73721,74.40431,305.19,288.23,0.68,70.0,0.39,0.36,20260901,2042,N20,VIIRS,N,2.0NRT,2,lance_archive_rule,cropland,138.103
18.69181,73.0416,313.51,290.51,2.54,70.0,0.41,0.37,20260901,2042,N20,VIIRS,N,2.0NRT,2,lance_archive_rule,cropland,39.048
18.6867,73.02881,317.53,290.4,1.16,70.0,0.41,0.37,20260901,2042,N20,VIIRS,N,2.0NRT,2,lance_archive_rule,cropland,39.061
18.68613,73.0327,304.88,290.31,1.16,70.0,0.41,0.37,20260901,2042,N20,VIIRS,N,2.0NRT,2,lance_archive_rule,cropland,39.271
18.50696,74.2235,303.35,288.01,0.68,70.0,0.39,0.36,20260901,2042,N20,VIIRS,N,2.0NRT,2,lance_archive_rule,cropland,133.696
18.68271,73.03214,308.23,290.21,1.16,70.0,0.41,0.37,20260901,2042,N20,VIIRS,N,2.0NRT,2,lance_archive_rule,cropland,39.602
18.68214,73.03605,306.31,290.95,1.55,70.0,0.41,0.37,20260901,2042,N20,VIIRS,N,2.0NRT,2,lance_archive_rule,cropland,39.814
18.68157,73.03994,307.51,290.16,1.55,70.0,0.41,0.37,20260901,2042,N20,VIIRS,N,2.0NRT,2,lance_archive_rule,cropland,40.028
15.18178,76.66653,330.83,286.3,5.15,70.0,0.43,0.38,20260901,2044,N20,VIIRS,N,2.0NRT,1,lance_archive_rule,JSW Steel Vijayanagar,0.638
15.18044,76.67444,312.89,287.2,2.96,70.0,0.43,0.38,20260901,2044,N20,VIIRS,N,2.0NRT,1,lance_archive_rule,JSW Steel Vijayanagar,0.458
15.18032,76.65404,306.82,286.7,1.81,70.0,0.43,0.38,20260901,2044,N20,VIIRS,N,2.0NRT,1,lance_archive_rule,JSW Steel Vijayanagar,1.838
15.17631,76.67775,304.74,286.6,1.08,70.0,0.43,0.38,20260901,2044,N20,VIIRS,N,2.0NRT,1,lance_archive_rule,JSW Steel Vijayanagar,0.748
15.17364,76.69354,314.15,286.11,0.98,70.0,0.43,0.38,20260901,2044,N20,VIIRS,N,2.0NRT,1,lance_archive_rule,JSW Steel Vijayanagar,2.467
15.17686,76.65341,320.45,286.85,1.81,70.0,0.43,0.38,20260901,2044,N20,VIIRS,N,2.0NRT,1,lance_archive_rule,JSW Steel Vijayanagar,1.892
15.1762,76.65736,323.45,287.88,1.81,70.0,0.43,0.38,20260901,2044,N20,VIIRS,N,2.0NRT,1,lance_archive_rule,JSW Steel Vijayanagar,1.477
12.03402,79.0584,312.73,289.62,2.18,70.0,0.42,0.45,20260901,2044,N20,VIIRS,N,2.0NRT,2,lance_archive_rule,cropland,93.982
11.97294,78.38143,304.35,285.39,1.53,70.0,0.38,0.43,20260901,2044,N20,VIIRS,N,2.0NRT,2,lance_archive_rule,cropland,157.158
11.81575,77.91618,308.23,290.91,1.73,70.0,0.54,0.42,20260901,2044,N20,VIIRS,N,2.0NRT,2,lance_archive_rule,cropland,202.493
11.59199,77.27399,317.63,288.37,2.61,70.0,0.5,0.41,20260901,2044,N20,VIIRS,N,2.0NRT,2,lance_archive_rule,cropland,200.941
11.58907,77.26868,310.31,287.92,1.16,70.0,0.5,0.41,20260901,2044,N20,VIIRS,N,2.0NRT,2,lance_archive_rule,cropland,200.351
11.43284,77.16509,304.91,292.31,1.98,70.0,0.5,0.41,20260901,2044,N20,VIIRS,N,2.0NRT,2,lance_archive_rule,cropland,179.635
11.43157,77.16232,305.54,291.95,1.47,70.0,0.5,0.41,20260901,2044,N20,VIIRS,N,2.0NRT,2,lance_archive_rule,cropland,179.35
10.92422,78.5191,317.32,291.99,2.65,70.0,0.4,0.45,20260901,2044,N20,VIIRS,N,2.0NRT,2,lance_archive_rule,cropland,150.593
10.4508,77.30746,311.85,291.67,1.69,70.0,0.52,0.42,20260901,2044,N20,VIIRS,N,2.0NRT,2,lance_archive_rule,cropland,115.748
10.51527,78.92046,332.79,297.0,2.76,70.0,0.54,0.42,20260902,0750,N20,VIIRS,D,2.0NRT,2,lance_archive_rule,cropland,145.044
10.42062,77.4873,343.63,302.08,6.15,70.0,0.45,0.47,20260902,0750,N20,VIIRS,D,2.0NRT,2,lance_archive_rule,cropland,132.457
10.86362,77.56113,342.21,304.49,9.3,70.0,0.43,0.46,20260902,0750,N20,VIIRS,D,2.0NRT,2,lance_archive_rule,cropland,163.415
10.86017,77.56201,341.44,304.23,9.43,70.0,0.43,0.46,20260902,0750,N20,VIIRS,D,2.0NRT,2,lance_archive_rule,cropland,163.266
10.85615,77.46578,335.41,300.19,2.42,70.0,0.44,0.46,20260902,0750,N20,VIIRS,D,2.0NRT,2,lance_archive_rule,cropland,154.626
11.14817,78.0351,356.46,299.53,12.06,70.0,0.4,0.44,20260902,0750,N20,VIIRS,D,2.0NRT,2,lance_archive_rule,cropland,192.093
11.11218,77.13387,334.45,298.44,3.76,70.0,0.46,0.47,20260902,0750,N20,VIIRS,D,2.0NRT,2,lance_archive_rule,cropland,149.014
11.12016,76.91273,342.38,297.55,12.59,70.0,0.47,0.48,20260902,0750,N20,VIIRS,D,2.0NRT,2,lance_archive_rule,cropland,135.498
12.17468,79.01917,336.76,300.42,4.05,50.0,0.51,0.41,20260902,0750,N20,VIIRS,D,2.0NRT,2,lance_archive_rule,cropland,107.164
12.19443,78.03655,335.76,297.46,2.58,70.0,0.39,0.44,20260902,0750,N20,VIIRS,D,2.0NRT,2,lance_archive_rule,cropland,200.782
12.00362,76.78979,335.07,298.64,5.23,70.0,0.47,0.48,20260902,0750,N20,VIIRS,D,2.0NRT,2,lance_archive_rule,cropland,221.015
12.09333,76.95873,331.52,293.45,2.39,70.0,0.45,0.47,20260902,0750,N20,VIIRS,D,2.0NRT,2,lance_archive_rule,cropland,235.972
12.42062,78.77126,334.62,298.09,9.7,70.0,0.52,0.42,20260902,0750,N20,VIIRS,D,2.0NRT,2,lance_archive_rule,cropland,145.489
15.17519,76.65701,334.72,296.11,4.69,70.0,0.42,0.45,20260902,0752,N20,VIIRS,D,2.0NRT,1,lance_archive_rule,JSW Steel Vijayanagar,1.534
15.18141,76.66771,337.29,296.2,5.19,70.0,0.42,0.45,20260902,0752,N20,VIIRS,D,2.0NRT,1,lance_archive_rule,JSW Steel Vijayanagar,0.518
17.67695,75.30758,341.2,295.72,7.62,70.0,0.46,0.47,20260902,0752,N20,VIIRS,D,2.0NRT,2,lance_archive_rule,cropland,144.709
15.18766,76.67159,311.27,288.07,1.29,70.0,0.42,0.38,20260902,2023,N20,VIIRS,N,2.0NRT,1,lance_archive_rule,JSW Steel Vijayanagar,1.076
15.18708,76.67549,304.11,287.53,1.0,70.0,0.42,0.38,20260902,2023,N20,VIIRS,N,2.0NRT,1,lance_archive_rule,JSW Steel Vijayanagar,1.119
15.18421,76.67104,307.15,287.73,1.93,70.0,0.42,0.38,20260902,2023,N20,VIIRS,N,2.0NRT,1,lance_archive_rule,JSW Steel Vijayanagar,0.691
15.18363,76.67496,304.17,288.26,1.49,70.0,0.42,0.38,20260902,2023,N20,VIIRS,N,2.0NRT,1,lance_archive_rule,JSW Steel Vijayanagar,0.757
15.18134,76.6666,323.6,287.62,1.93,70.0,0.42,0.38,20260902,2023,N20,VIIRS,N,2.0NRT,1,lance_archive_rule,JSW Steel Vijayanagar,0.601
15.18017,76.67442,312.62,286.62,1.49,70.0,0.42,0.38,20260902,2023,N20,VIIRS,N,2.0NRT,1,lance_archive_rule,JSW Steel Vijayanagar,0.439
15.17381,76.69349,309.9,287.59,1.19,70.0,0.42,0.38,20260902,2023,N20,VIIRS,N,2.0NRT,1,lance_archive_rule,JSW Steel Vijayanagar,2.458
15.17616,76.65379,312.81,288.41,2.39,70.0,0.42,0.38,20260902,2023,N20,VIIRS,N,2.0NRT,1,lance_archive_rule,JSW Steel Vijayanagar,1.858
15.17558,76.6577,319.62,289.15,2.78,70.0,0.42,0.38,20260902,2023,N20,VIIRS,N,2.0NRT,1,lance_archive_rule,JSW Steel Vijayanagar,1.452
30.21693,76.76219,306.64,288.61,1.37,70.0,0.4,0.45,20260902,2019,N20,VIIRS,N,2.0NRT,2,lance_archive_rule,cropland,92.002
13.16177,80.28377,320.68,289.13,2.78,70.0,0.41,0.37,20260902,2023,N20,VIIRS,N,2.0NRT,1,lance_archive_rule,TN PetroProducts Manali,2.273
12.08651,77.05036,296.31,274.71,0.68,70.0,0.39,0.37,20260902,2025,N20,VIIRS,N,2.0NRT,2,lance_archive_rule,cropland,238.697
11.81568,77.91785,302.56,273.32,1.16,70.0,0.38,0.36,20260902,2025,N20,VIIRS,N,2.0NRT,2,lance_archive_rule,cropland,202.312
11.81183,77.92081,299.39,272.09,1.04,70.0,0.38,0.36,20260902,2025,N20,VIIRS,N,2.0NRT,2,lance_archive_rule,cropland,201.929
11.59508,77.26291,332.16,274.37,3.05,70.0,0.39,0.36,20260902,2025,N20,VIIRS,N,2.0NRT,2,lance_archive_rule,cropland,200.562
11.59177,77.26229,297.35,272.69,0.44,70.0,0.39,0.36,20260902,2025,N20,VIIRS,N,2.0NRT,2,lance_archive_rule,cropland,200.217
21.10632,72.64294,338.93,291.19,5.46,70.0,0.55,0.51,20260902,2021,N20,VIIRS,N,2.0NRT,1,lance_archive_rule,ONGC Hazira Gas Processing Plant,0.667
21.10572,72.64827,307.52,290.68,5.46,70.0,0.55,0.51,20260902,2021,N20,VIIRS,N,2.0NRT,1,lance_archive_rule,ONGC Hazira Gas Processing Plant,0.776
10.49617,79.46641,343.03,298.62,3.94,70.0,0.34,0.56,20260903,0731,N20,VIIRS,D,2.0NRT,2,lance_archive_rule,cropland,119.351
12.44623,79.14983,338.77,293.75,3.06,70.0,0.33,0.55,20260903,0731,N20,VIIRS,D,2.0NRT,2,lance_archive_rule,cropland,120.989
21.10291,72.64852,334.62,288.64,9.08,70.0,0.6,0.7,20260903,0733,N20,VIIRS,D,2.0NRT,1,lance_archive_rule,ONGC Hazira Gas Processing Plant,1.075
11.17709,79.08981,308.03,292.77,0.88,70.0,0.49,0.4,20260903,2006,N20,VIIRS,N,2.0NRT,2,lance_archive_rule,cropland,82.369
10.61815,77.42112,308.73,291.53,0.77,70.0,0.4,0.44,20260903,2006,N20,VIIRS,N,2.0NRT,2,lance_archive_rule,cropland,135.553
29.91132,74.94312,306.14,290.62,0.8,70.0,0.49,0.65,20260903,2002,N20,VIIRS,N,2.0NRT,2,lance_archive_rule,cropland,33.007
29.91007,74.94244,304.52,290.73,1.02,70.0,0.49,0.65,20260903,2002,N20,VIIRS,N,2.0NRT,2,lance_archive_rule,cropland,33.144
29.48014,76.85374,305.02,288.34,0.73,70.0,0.37,0.58,20260903,2002,N20,VIIRS,N,2.0NRT,2,lance_archive_rule,cropland,14.279
29.47475,76.85314,367.0,288.75,8.36,90.0,0.37,0.58,20260903,2002,N20,VIIRS,N,2.0NRT,2,lance_archive_rule,cropland,14.015
29.47446,76.85703,309.14,288.99,5.44,70.0,0.37,0.58,20260903,2002,N20,VIIRS,N,2.0NRT,2,lance_archive_rule,cropland,13.675
29.47757,76.85374,367.0,288.83,9.46,90.0,0.37,0.58,20260903,2002,N20,VIIRS,N,2.0NRT,2,lance_archive_rule,cropland,14.127
29.47725,76.85763,310.55,289.14,6.79,70.0,0.37,0.58,20260903,2002,N20,VIIRS,N,2.0NRT,2,lance_archive_rule,cropland,13.789
28.74499,76.92669,296.37,279.34,2.1,70.0,0.36,0.58,20260903,2002,N20,VIIRS,N,2.0NRT,2,lance_archive_rule,cropland,34.043
28.71685,76.8332,299.98,274.6,1.13,70.0,0.37,0.58,20260903,2002,N20,VIIRS,N,2.0NRT,2,lance_archive_rule,cropland,34.83
26.7609,83.19978,308.37,290.5,3.62,70.0,0.46,0.39,20260903,2002,N20,VIIRS,N,2.0NRT,2,lance_archive_rule,cropland,454.21
25.94085,72.18671,305.68,288.86,2.0,70.0,0.67,0.74,20260903,2002,N20,VIIRS,N,2.0NRT,1,lance_archive_rule,RIICO Balotra Industrial & Dyeing Area,1.941
15.18437,76.66389,316.88,282.7,4.2,70.0,0.52,0.5,20260903,2006,N20,VIIRS,N,2.0NRT,1,lance_archive_rule,JSW Steel Vijayanagar,1.041
15.18376,76.66869,317.37,285.48,3.3,70.0,0.52,0.5,20260903,2006,N20,VIIRS,N,2.0NRT,1,lance_archive_rule,JSW Steel Vijayanagar,0.687
15.18315,76.67349,309.9,286.21,3.3,70.0,0.52,0.5,20260903,2006,N20,VIIRS,N,2.0NRT,1,lance_archive_rule,JSW Steel Vijayanagar,0.632
15.18254,76.67829,306.64,286.46,2.6,70.0,0.52,0.5,20260903,2006,N20,VIIRS,N,2.0NRT,1,lance_archive_rule,JSW Steel Vijayanagar,0.931
15.17644,76.6531,311.26,279.38,2.15,70.0,0.52,0.5,20260903,2006,N20,VIIRS,N,2.0NRT,1,lance_archive_rule,JSW Steel Vijayanagar,1.929
15.17583,76.65791,312.3,284.12,3.54,70.0,0.52,0.5,20260903,2006,N20,VIIRS,N,2.0NRT,1,lance_archive_rule,JSW Steel Vijayanagar,1.425
25.94266,72.1937,315.55,292.06,1.66,70.0,0.43,0.62,20260903,2142,N20,VIIRS,N,2.0NRT,1,lance_archive_rule,RIICO Balotra Industrial & Dyeing Area,1.415
25.94423,72.19559,310.82,292.21,1.92,70.0,0.43,0.62,20260903,2142,N20,VIIRS,N,2.0NRT,1,lance_archive_rule,RIICO Balotra Industrial & Dyeing Area,1.392
21.11042,72.64252,302.58,286.94,1.64,70.0,0.58,0.7,20260903,2144,N20,VIIRS,N,2.0NRT,1,lance_archive_rule,ONGC Hazira Gas Processing Plant,0.312
21.1091,72.64794,303.32,287.57,1.64,70.0,0.58,0.7,20260903,2144,N20,VIIRS,N,2.0NRT,1,lance_archive_rule,ONGC Hazira Gas Processing Plant,0.444
21.10634,72.64722,303.47,287.36,1.48,70.0,0.58,0.7,20260903,2144,N20,VIIRS,N,2.0NRT,1,lance_archive_rule,ONGC Hazira Gas Processing Plant,0.67
21.10505,72.65266,303.05,287.14,1.48,70.0,0.58,0.7,20260903,2144,N20,VIIRS,N,2.0NRT,1,lance_archive_rule,ONGC Hazira Gas Processing Plant,1.108
29.47733,76.8575,334.66,288.13,5.4,70.0,0.66,0.73,20260903,2142,N20,VIIRS,N,2.0NRT,2,lance_archive_rule,cropland,13.804
29.47375,76.85448,316.52,287.5,3.16,70.0,0.66,0.73,20260903,2142,N20,VIIRS,N,2.0NRT,2,lance_archive_rule,cropland,13.847
29.47193,76.86103,313.99,287.4,3.16,70.0,0.66,0.73,20260903,2142,N20,VIIRS,N,2.0NRT,2,lance_archive_rule,cropland,13.198
29.90804,74.94972,304.42,290.39,0.96,70.0,0.5,0.66,20260903,2142,N20,VIIRS,N,2.0NRT,2,lance_archive_rule,cropland,33.398
10.09586,77.89691,340.86,299.51,9.09,70.0,0.55,0.51,20260905,0737,N21,VIIRS,D,2.0NRT,2,lance_archive_rule,cropland,168.892
10.09445,77.89512,342.08,301.1,13.48,70.0,0.55,0.51,20260905,0737,N21,VIIRS,D,2.0NRT,2,lance_archive_rule,cropland,168.686
10.43229,79.63264,342.49,298.67,4.35,70.0,0.41,0.45,20260905,0737,N21,VIIRS,D,2.0NRT,2,lance_archive_rule,cropland,122.986
10.40149,79.27921,331.57,297.24,7.13,70.0,0.44,0.46,20260905,0737,N21,VIIRS,D,2.0NRT,2,lance_archive_rule,cropland,135.931
10.27044,77.25731,330.63,297.08,7.7,70.0,0.6,0.53,20260905,0737,N21,VIIRS,D,2.0NRT,2,lance_archive_rule,cropland,103.193
10.71123,79.4289,341.69,300.29,6.18,70.0,0.42,0.45,20260905,0737,N21,VIIRS,D,2.0NRT,2,lance_archive_rule,cropland,97.876
10.43859,77.31449,339.76,301.16,12.02,70.0,0.59,0.53,20260905,0737,N21,VIIRS,D,2.0NRT,2,lance_archive_rule,cropland,115.853
10.87756,79.31715,332.91,298.71,4.55,70.0,0.43,0.46,20260905,0737,N21,VIIRS,D,2.0NRT,2,lance_archive_rule,cropland,86.923
10.68266,77.4065,338.57,303.34,11.41,70.0,0.58,0.52,20260905,0737,N21,VIIRS,D,2.0NRT,2,lance_archive_rule,cropland,138.032
10.98393,78.21921,337.97,300.17,7.0,70.0,0.5,0.49,20260905,0737,N21,VIIRS,D,2.0NRT,2,lance_archive_rule,cropland,178.023
11.00214,77.12466,339.89,303.19,13.48,70.0,0.6,0.53,20260905,0737,N21,VIIRS,D,2.0NRT,2,lance_archive_rule,cropland,139.19
11.48418,77.27011,333.99,300.69,3.57,70.0,0.57,0.52,20260905,0739,N21,VIIRS,D,2.0NRT,2,lance_archive_rule,cropland,190.831
12.15397,78.16905,336.62,302.19,4.39,70.0,0.48,0.48,20260905,0739,N21,VIIRS,D,2.0NRT,2,lance_archive_rule,cropland,185.733
15.18146,76.66666,332.37,300.59,8.52,70.0,0.54,0.51,20260905,0739,N21,VIIRS,D,2.0NRT,1,lance_archive_rule,JSW Steel Vijayanagar,0.604
31.37815,74.56349,332.02,296.82,3.97,70.0,0.55,0.43,20260905,0744,N21,VIIRS,D,2.0NRT,2,lance_archive_rule,cropland,134.792
32.09121,74.14559,308.15,290.77,1.38,70.0,0.38,0.58,20260905,2008,N21,VIIRS,N,2.0NRT,2,lance_archive_rule,cropland,222.372
29.47612,76.85525,303.57,287.24,0.57,70.0,0.48,0.48,20260905,2008,N21,VIIRS,N,2.0NRT,2,lance_archive_rule,cropland,13.918
15.18623,76.65672,307.98,293.31,2.33,70.0,0.5,0.41,20260905,2012,N21,VIIRS,N,2.0NRT,1,lance_archive_rule,JSW Steel Vijayanagar,1.785
15.18124,76.66544,330.93,293.11,5.22,70.0,0.5,0.41,20260905,2012,N21,VIIRS,N,2.0NRT,1,lance_archive_rule,JSW Steel Vijayanagar,0.697
15.18312,76.65155,307.36,292.72,1.62,70.0,0.5,0.41,20260905,2012,N21,VIIRS,N,2.0NRT,1,lance_archive_rule,JSW Steel Vijayanagar,2.164
15.17999,76.67468,310.65,292.94,2.82,70.0,0.5,0.41,20260905,2012,N21,VIIRS,N,2.0NRT,1,lance_archive_rule,JSW Steel Vijayanagar,0.453
15.17876,76.65566,309.99,292.85,1.62,70.0,0.5,0.41,20260905,2012,N21,VIIRS,N,2.0NRT,1,lance_archive_rule,JSW Steel Vijayanagar,1.648
15.17626,76.67416,313.32,292.76,2.82,70.0,0.5,0.41,20260905,2012,N21,VIIRS,N,2.0NRT,1,lance_archive_rule,JSW Steel Vijayanagar,0.39
15.17563,76.67879,309.68,292.9,2.87,70.0,0.5,0.41,20260905,2012,N21,VIIRS,N,2.0NRT,1,lance_archive_rule,JSW Steel Vijayanagar,0.877
15.17375,76.6927,315.48,292.3,2.55,70.0,0.5,0.41,20260905,2012,N21,VIIRS,N,2.0NRT,1,lance_archive_rule,JSW Steel Vijayanagar,2.376
15.17502,76.65514,324.56,293.97,4.05,70.0,0.5,0.41,20260905,2012,N21,VIIRS,N,2.0NRT,1,lance_archive_rule,JSW Steel Vijayanagar,1.734
15.17873,76.67195,308.45,292.18,1.45,70.0,0.5,0.41,20260905,2012,N21,VIIRS,N,2.0NRT,1,lance_archive_rule,JSW Steel Vijayanagar,0.13
15.17808,76.67657,316.25,293.07,1.45,70.0,0.5,0.41,20260905,2012,N21,VIIRS,N,2.0NRT,1,lance_archive_rule,JSW Steel Vijayanagar,0.598
15.17761,76.65297,309.37,292.93,2.12,70.0,0.5,0.41,20260905,2012,N21,VIIRS,N,2.0NRT,1,lance_archive_rule,JSW Steel Vijayanagar,1.935
15.17696,76.65759,313.08,293.37,2.12,70.0,0.5,0.41,20260905,2012,N21,VIIRS,N,2.0NRT,1,lance_archive_rule,JSW Steel Vijayanagar,1.444
15.17434,76.67606,305.63,291.88,1.45,70.0,0.5,0.41,20260905,2012,N21,VIIRS,N,2.0NRT,1,lance_archive_rule,JSW Steel Vijayanagar,0.679
15.17237,76.68996,308.78,291.93,1.26,70.0,0.5,0.41,20260905,2012,N21,VIIRS,N,2.0NRT,1,lance_archive_rule,JSW Steel Vijayanagar,2.129
15.17387,76.65245,314.05,291.55,2.61,70.0,0.5,0.41,20260905,2012,N21,VIIRS,N,2.0NRT,1,lance_archive_rule,JSW Steel Vijayanagar,2.043
15.17192,76.66631,305.74,292.11,1.81,70.0,0.5,0.41,20260905,2012,N21,VIIRS,N,2.0NRT,1,lance_archive_rule,JSW Steel Vijayanagar,0.843
11.94986,76.94534,307.4,289.7,1.03,70.0,0.45,0.39,20260905,2014,N21,VIIRS,N,2.0NRT,2,lance_archive_rule,cropland,220.448
22.79769,86.20249,307.99,293.22,2.29,70.0,0.48,0.4,20260905,2010,N21,VIIRS,N,2.0NRT,1,lance_archive_rule,Tata Steel Jamshedpur Works,0.703
22.79125,86.19631,308.75,293.4,2.41,70.0,0.48,0.4,20260905,2010,N21,VIIRS,N,2.0NRT,1,lance_archive_rule,Tata Steel Jamshedpur Works,1.533
22.7896,86.20553,310.74,293.44,3.02,70.0,0.48,0.4,20260905,2010,N21,VIIRS,N,2.0NRT,1,lance_archive_rule,Tata Steel Jamshedpur Works,1.642
22.78679,86.20014,308.97,293.68,1.65,70.0,0.48,0.4,20260905,2010,N21,VIIRS,N,2.0NRT,1,lance_archive_rule,Tata Steel Jamshedpur Works,1.923
22.78233,86.20396,306.54,293.29,1.65,70.0,0.48,0.4,20260905,2010,N21,VIIRS,N,2.0NRT,1,lance_archive_rule,Tata Steel Jamshedpur Works,2.418
21.1044,72.64349,308.08,287.78,2.29,70.0,0.35,0.57,20260905,2010,N21,VIIRS,N,2.0NRT,1,lance_archive_rule,ONGC Hazira Gas Processing Plant,0.859
21.10406,72.64688,311.77,290.06,3.22,70.0,0.35,0.57,20260905,2010,N21,VIIRS,N,2.0NRT,1,lance_archive_rule,ONGC Hazira Gas Processing Plant,0.904
21.09986,72.63612,301.42,286.78,0.87,70.0,0.35,0.57,20260905,2010,N21,VIIRS,N,2.0NRT,1,lance_archive_rule,ONGC Hazira Gas Processing Plant,1.634
21.10447,72.64493,344.27,298.24,26.51,70.0,0.57,0.43,20260904,0801,N21,VIIRS,D,2.0NRT,1,lance_archive_rule,ONGC Hazira Gas Processing Plant,0.837
21.10295,72.63681,342.12,298.44,26.3,70.0,0.38,0.43,20260904,0801,N21,VIIRS,D,2.0NRT,1,lance_archive_rule,ONGC Hazira Gas Processing Plant,1.317
31.5513,74.73685,337.88,299.64,9.12,70.0,0.38,0.36,20260904,0805,N21,VIIRS,D,2.0NRT,2,lance_archive_rule,cropland,150.525
10.23521,79.19682,336.6,302.56,5.05,50.0,0.39,0.37,20260904,0758,N21,VIIRS,D,2.0NRT,2,lance_archive_rule,cropland,156.463
10.87023,79.84801,337.26,301.77,3.23,70.0,0.39,0.36,20260904,0758,N21,VIIRS,D,2.0NRT,2,lance_archive_rule,cropland,74.312
21.10807,72.64812,317.42,292.51,3.67,70.0,0.53,0.42,20260904,2029,N21,VIIRS,N,2.0NRT,1,lance_archive_rule,ONGC Hazira Gas Processing Plant,0.544
21.10421,72.64756,332.4,293.92,8.22,70.0,0.53,0.42,20260904,2029,N21,VIIRS,N,2.0NRT,1,lance_archive_rule,ONGC Hazira Gas Processing Plant,0.906
21.10486,72.64244,309.95,291.22,5.9,70.0,0.53,0.42,20260904,2029,N21,VIIRS,N,2.0NRT,1,lance_archive_rule,ONGC Hazira Gas Processing Plant,0.837
19.01937,72.89208,330.53,293.33,5.81,70.0,0.49,0.4,20260904,2029,N21,VIIRS,N,2.0NRT,1,lance_archive_rule,BPCL Mumbai Refinery,0.63
18.68379,73.03027,312.5,292.99,2.49,70.0,0.48,0.4,20260904,2029,N21,VIIRS,N,2.0NRT,2,lance_archive_rule,cropland,39.419
18.67952,73.03425,319.0,292.93,2.49,70.0,0.48,0.4,20260904,2029,N21,VIIRS,N,2.0NRT,2,lance_archive_rule,cropland,40.014
15.18351,76.66653,341.14,294.26,7.62,70.0,0.39,0.36,20260904,2032,N21,VIIRS,N,2.0NRT,1,lance_archive_rule,JSW Steel Vijayanagar,0.778
15.18178,76.67729,306.3,294.38,1.38,70.0,0.39,0.36,20260904,2032,N21,VIIRS,N,2.0NRT,1,lance_archive_rule,JSW Steel Vijayanagar,0.795
15.17847,76.67673,308.26,294.39,1.38,70.0,0.39,0.36,20260904,2032,N21,VIIRS,N,2.0NRT,1,lance_archive_rule,JSW Steel Vijayanagar,0.617
15.17848,76.65473,333.16,295.13,2.87,70.0,0.39,0.36,20260904,2032,N21,VIIRS,N,2.0NRT,1,lance_archive_rule,JSW Steel Vijayanagar,1.747
15.17791,76.65833,313.8,294.63,4.05,70.0,0.39,0.36,20260904,2032,N21,VIIRS,N,2.0NRT,1,lance_archive_rule,JSW Steel Vijayanagar,1.36
15.17505,76.67628,312.61,294.55,1.42,70.0,0.39,0.36,20260904,2032,N21,VIIRS,N,2.0NRT,1,lance_archive_rule,JSW Steel Vijayanagar,0.655
15.17277,76.69064,311.73,293.65,1.65,70.0,0.39,0.36,20260904,2032,N21,VIIRS,N,2.0NRT,1,lance_archive_rule,JSW Steel Vijayanagar,2.186
15.17517,76.65417,324.8,295.4,2.87,70.0,0.39,0.36,20260904,2032,N21,VIIRS,N,2.0NRT,1,lance_archive_rule,JSW Steel Vijayanagar,1.833
15.1746,76.65777,340.33,295.67,4.05,70.0,0.39,0.36,20260904,2032,N21,VIIRS,N,2.0NRT,1,lance_archive_rule,JSW Steel Vijayanagar,1.469
15.1706,76.68289,314.21,293.82,1.6,70.0,0.39,0.36,20260904,2032,N21,VIIRS,N,2.0NRT,1,lance_archive_rule,JSW Steel Vijayanagar,1.518
15.16957,76.66797,307.85,294.26,1.3,70.0,0.39,0.36,20260904,2032,N21,VIIRS,N,2.0NRT,1,lance_archive_rule,JSW Steel Vijayanagar,0.992
15.169,76.67155,316.31,294.31,2.09,70.0,0.39,0.36,20260904,2032,N21,VIIRS,N,2.0NRT,1,lance_archive_rule,JSW Steel Vijayanagar,1.002
12.02063,76.65154,304.14,288.89,0.8,70.0,0.4,0.37,20260904,2032,N21,VIIRS,N,2.0NRT,2,lance_archive_rule,cropland,216.228
11.81028,77.91938,314.3,292.58,3.31,70.0,0.45,0.39,20260904,2032,N21,VIIRS,N,2.0NRT,2,lance_archive_rule,cropland,202.057
11.80959,77.92345,311.3,293.37,3.31,70.0,0.45,0.39,20260904,2032,N21,VIIRS,N,2.0NRT,2,lance_archive_rule,cropland,201.607
12.01868,76.65131,303.06,288.79,0.73,70.0,0.4,0.37,20260904,2032,N21,VIIRS,N,2.0NRT,2,lance_archive_rule,cropland,216.306
11.81003,77.92034,318.11,292.86,3.41,70.0,0.45,0.39,20260904,2032,N21,VIIRS,N,2.0NRT,2,lance_archive_rule,cropland,201.949
11.80936,77.92444,308.01,293.29,3.41,70.0,0.45,0.39,20260904,2032,N21,VIIRS,N,2.0NRT,2,lance_archive_rule,cropland,201.497
11.5186,77.70729,303.15,284.04,1.48,70.0,0.44,0.38,20260904,2032,N21,VIIRS,N,2.0NRT,2,lance_archive_rule,cropland,222.89
11.51788,77.70787,308.15,283.35,1.62,70.0,0.44,0.39,20260904,2032,N21,VIIRS,N,2.0NRT,2,lance_archive_rule,cropland,222.828
10.92628,78.4984,314.41,291.57,4.48,70.0,0.49,0.4,20260904,2032,N21,VIIRS,N,2.0NRT,2,lance_archive_rule,cropland,152.512
10.61504,77.50061,309.05,292.05,1.42,70.0,0.44,0.39,20260904,2032,N21,VIIRS,N,2.0NRT,2,lance_archive_rule,cropland,142.917
22.26482,75.1333,300.77,281.44,0.87,70.0,0.42,0.38,20260904,2029,N21,VIIRS,N,2.0NRT,2,lance_archive_rule,cropland,171.661
31.27915,74.4353,331.11,299.69,1.86,70.0,0.42,0.37,20260830,0758,N21,VIIRS,D,2.0NRT,2,lance_archive_rule,cropland,128.217
32.32051,76.85158,332.07,303.55,3.22,70.0,0.38,0.36,20260830,0758,N21,VIIRS,D,2.0NRT,2,lance_archive_rule,cropland,297.419
11.81002,77.2115,340.99,298.3,11.53,70.0,0.54,0.42,20260830,0752,N21,VIIRS,D,2.0NRT,2,lance_archive_rule,cropland,218.191
15.18088,76.66781,333.34,289.95,3.18,70.0,0.52,0.41,20260830,0752,N21,VIIRS,D,2.0NRT,1,lance_archive_rule,JSW Steel Vijayanagar,0.469
18.3947,74.34995,332.85,298.89,1.79,70.0,0.42,0.45,20260830,0754,N21,VIIRS,D,2.0NRT,2,lance_archive_rule,cropland,151.821
18.56188,74.5267,335.86,297.81,4.39,70.0,0.41,0.45,20260830,0754,N21,VIIRS,D,2.0NRT,2,lance_archive_rule,cropland,157.947
18.54595,74.25349,306.23,289.56,1.61,70.0,0.5,0.41,20260830,2023,N21,VIIRS,N,2.0NRT,2,lance_archive_rule,cropland,133.867
18.68679,73.03175,299.44,288.82,0.79,70.0,0.39,0.44,20260830,2023,N21,VIIRS,N,2.0NRT,2,lance_archive_rule,cropland,39.165
15.18139,76.66699,331.56,290.21,6.39,70.0,0.39,0.36,20260830,2025,N21,VIIRS,N,2.0NRT,1,lance_archive_rule,JSW Steel Vijayanagar,0.572
15.1803,76.67416,315.15,287.12,2.21,70.0,0.39,0.36,20260830,2025,N21,VIIRS,N,2.0NRT,1,lance_archive_rule,JSW Steel Vijayanagar,0.425
15.17644,76.67721,323.12,289.4,1.48,70.0,0.39,0.36,20260830,2025,N21,VIIRS,N,2.0NRT,1,lance_archive_rule,JSW Steel Vijayanagar,0.689
15.17424,76.69155,320.05,286.43,1.86,70.0,0.39,0.36,20260830,2025,N21,VIIRS,N,2.0NRT,1,lance_archive_rule,JSW Steel Vijayanagar,2.245
15.17808,76.66647,304.26,289.01,0.67,70.0,0.39,0.36,20260830,2025,N21,VIIRS,N,2.0NRT,1,lance_archive_rule,JSW Steel Vijayanagar,0.486
15.17698,76.67363,305.17,286.87,1.48,70.0,0.39,0.36,20260830,2025,N21,VIIRS,N,2.0NRT,1,lance_archive_rule,JSW Steel Vijayanagar,0.304
15.17641,76.65518,321.08,291.05,3.2,70.0,0.39,0.36,20260830,2025,N21,VIIRS,N,2.0NRT,1,lance_archive_rule,JSW Steel Vijayanagar,1.707
15.17587,76.65878,330.77,289.41,3.02,70.0,0.39,0.36,20260830,2025,N21,VIIRS,N,2.0NRT,1,lance_archive_rule,JSW Steel Vijayanagar,1.333
15.17146,76.66541,309.81,289.07,1.63,70.0,0.39,0.36,20260830,2025,N21,VIIRS,N,2.0NRT,1,lance_archive_rule,JSW Steel Vijayanagar,0.943
15.16705,76.67205,308.78,288.57,1.27,70.0,0.39,0.36,20260830,2025,N21,VIIRS,N,2.0NRT,1,lance_archive_rule,JSW Steel Vijayanagar,1.223
11.81654,77.91914,308.82,289.99,1.71,70.0,0.4,0.37,20260830,2025,N21,VIIRS,N,2.0NRT,2,lance_archive_rule,cropland,202.188
11.18236,79.10169,308.16,286.73,1.27,70.0,0.44,0.38,20260830,2025,N21,VIIRS,N,2.0NRT,2,lance_archive_rule,cropland,80.951
10.1045,77.46542,307.32,290.73,0.59,70.0,0.4,0.37,20260830,2025,N21,VIIRS,N,2.0NRT,2,lance_archive_rule,cropland,121.894
32.08688,74.16473,308.73,293.26,2.17,70.0,0.49,0.48,20260830,2019,N21,VIIRS,N,2.0NRT,2,lance_archive_rule,cropland,221.312
25.9405,72.18806,308.88,291.81,1.27,70.0,0.54,0.51,20260830,2021,N21,VIIRS,N,2.0NRT,1,lance_archive_rule,RIICO Balotra Industrial & Dyeing Area,1.801
21.10776,72.64674,316.31,294.45,5.52,70.0,0.44,0.46,20260830,2023,N21,VIIRS,N,2.0NRT,1,lance_archive_rule,ONGC Hazira Gas Processing Plant,0.505
21.10351,72.64619,339.7,294.58,5.52,70.0,0.44,0.46,20260830,2023,N21,VIIRS,N,2.0NRT,1,lance_archive_rule,ONGC Hazira Gas Processing Plant,0.952
21.10401,72.64194,305.83,292.22,5.52,70.0,0.44,0.46,20260830,2023,N21,VIIRS,N,2.0NRT,1,lance_archive_rule,ONGC Hazira Gas Processing Plant,0.943
21.10025,72.63715,330.55,293.27,5.24,70.0,0.44,0.46,20260830,2023,N21,VIIRS,N,2.0NRT,1,lance_archive_rule,ONGC Hazira Gas Processing Plant,1.54
21.10076,72.63288,318.99,292.62,5.24,70.0,0.44,0.46,20260830,2023,N21,VIIRS,N,2.0NRT,1,lance_archive_rule,ONGC Hazira Gas Processing Plant,1.773
10.04896,78.97438,339.72,301.32,8.45,70.0,0.59,0.53,20260831,0731,N21,VIIRS,D,2.0NRT,2,lance_archive_rule,cropland,185.545
11.39743,78.70004,354.25,286.76,14.75,70.0,0.59,0.53,20260831,0731,N21,VIIRS,D,2.0NRT,2,lance_archive_rule,cropland,115.719
12.1731,79.82799,339.93,294.09,8.65,70.0,0.48,0.48,20260831,0731,N21,VIIRS,D,2.0NRT,2,lance_archive_rule,cropland,71.753
22.79767,86.20526,330.49,284.14,4.82,70.0,0.43,0.38,20260831,0735,N21,VIIRS,D,2.0NRT,1,lance_archive_rule,Tata Steel Jamshedpur Works,0.779
12.17032,78.99065,297.43,286.67,1.61,70.0,0.43,0.38,20260831,2008,N21,VIIRS,N,2.0NRT,2,lance_archive_rule,cropland,109.181
11.81635,77.91774,305.18,293.35,1.96,70.0,0.48,0.4,20260831,2008,N21,VIIRS,N,2.0NRT,2,lance_archive_rule,cropland,202.335
11.0839,78.75246,309.64,293.1,1.03,70.0,0.43,0.38,20260831,2008,N21,VIIRS,N,2.0NRT,2,lance_archive_rule,cropland,119.935
11.08219,78.75288,315.78,292.3,1.2,70.0,0.43,0.38,20260831,2008,N21,VIIRS,N,2.0NRT,2,lance_archive_rule,cropland,119.973
10.26561,78.37807,308.2,294.61,1.49,70.0,0.44,0.38,20260831,2008,N21,VIIRS,N,2.0NRT,2,lance_archive_rule,cropland,205.831
10.41422,77.11642,320.12,290.43,2.48,70.0,0.51,0.41,20260831,2008,N21,VIIRS,N,2.0NRT,2,lance_archive_rule,cropland,95.357
21.10521,72.64474,328.52,285.25,6.75,70.0,0.45,0.63,20260831,2004,N21,VIIRS,N,2.0NRT,1,lance_archive_rule,ONGC Hazira Gas Processing Plant,0.755
19.93664,73.71329,302.54,286.53,1.72,70.0,0.37,0.58,20260831,2004,N21,VIIRS,N,2.0NRT,2,lance_archive_rule,cropland,98.707
18.79948,74.2539,305.94,288.24,1.46,70.0,0.33,0.55,20260831,2006,N21,VIIRS,N,2.0NRT,2,lance_archive_rule,cropland,120.826
18.6894,73.03887,302.48,289.75,0.61,70.0,0.4,0.6,20260831,2006,N21,VIIRS,N,2.0NRT,2,lance_archive_rule,cropland,39.181
18.68763,73.04997,301.29,289.04,1.39,70.0,0.4,0.6,20260831,2006,N21,VIIRS,N,2.0NRT,2,lance_archive_rule,cropland,39.83
18.68412,73.03058,318.49,289.99,2.81,70.0,0.4,0.6,20260831,2006,N21,VIIRS,N,2.0NRT,2,lance_archive_rule,cropland,39.396
30.18717,74.48603,305.14,289.73,1.24,70.0,0.57,0.69,20260831,2142,N21,VIIRS,N,2.0NRT,2,lance_archive_rule,cropland,42.923
10.3891,79.27283,340.75,293.63,6.32,70.0,0.59,0.7,20260901,0714,N21,VIIRS,D,2.0NRT,2,lance_archive_rule,cropland,137.47
10.77498,78.64761,339.35,298.22,9.28,70.0,0.64,0.72,20260901,0714,N21,VIIRS,D,2.0NRT,2,lance_archive_rule,cropland,147.064
11.15095,78.03052,334.43,293.33,14.18,70.0,0.7,0.75,20260901,0714,N21,VIIRS,D,2.0NRT,2,lance_archive_rule,cropland,192.511
11.14715,78.03418,342.27,292.94,8.84,70.0,0.7,0.75,20260901,0714,N21,VIIRS,D,2.0NRT,2,lance_archive_rule,cropland,192.217
11.23065,78.08495,331.82,295.11,5.38,70.0,0.69,0.74,20260901,0714,N21,VIIRS,D,2.0NRT,2,lance_archive_rule,cropland,184.893
11.84292,78.90423,338.89,296.6,12.68,70.0,0.59,0.7,20260901,0714,N21,VIIRS,D,2.0NRT,2,lance_archive_rule,cropland,98.677
31.1218,74.69038,353.18,293.24,13.13,70.0,0.42,0.61,20260901,0720,N21,VIIRS,D,2.0NRT,2,lance_archive_rule,cropland,104.205
31.1214,74.69007,350.72,292.99,10.48,70.0,0.42,0.61,20260901,0720,N21,VIIRS,D,2.0NRT,2,lance_archive_rule,cropland,104.168
10.01406,78.08731,332.78,297.7,3.52,70.0,0.58,0.7,20260901,0854,N21,VIIRS,D,2.0NRT,2,lance_archive_rule,cropland,189.383
10.8313,78.8009,336.72,294.99,5.56,70.0,0.66,0.73,20260901,0854,N21,VIIRS,D,2.0NRT,2,lance_archive_rule,cropland,129.835
12.29299,79.93951,323.45,289.13,5.71,70.0,0.47,0.48,20260901,1947,N21,VIIRS,N,2.0NRT,2,lance_archive_rule,cropland,87.017
12.29194,79.93996,319.76,289.14,5.06,70.0,0.47,0.48,20260901,1947,N21,VIIRS,N,2.0NRT,2,lance_archive_rule,cropland,86.915
11.59137,77.27103,348.16,283.6,3.82,70.0,0.35,0.57,20260901,1947,N21,VIIRS,N,2.0NRT,2,lance_archive_rule,cropland,200.705
11.59178,77.26778,306.06,281.89,3.82,70.0,0.35,0.57,20260901,1947,N21,VIIRS,N,2.0NRT,2,lance_archive_rule,cropland,200.548
11.42617,77.40337,319.32,290.58,2.14,70.0,0.34,0.56,20260901,1947,N21,VIIRS,N,2.0NRT,2,lance_archive_rule,cropland,194.651
11.42341,77.40266,324.28,290.37,1.92,70.0,0.34,0.56,20260901,1947,N21,VIIRS,N,2.0NRT,2,lance_archive_rule,cropland,194.366
11.43303,77.16435,309.49,290.7,1.15,70.0,0.35,0.57,20260901,1947,N21,VIIRS,N,2.0NRT,2,lance_archive_rule,cropland,179.608
10.99405,79.23645,332.49,290.43,7.05,70.0,0.5,0.49,20260901,1947,N21,VIIRS,N,2.0NRT,2,lance_archive_rule,cropland,82.166
10.43844,77.555,304.16,290.23,0.47,70.0,0.32,0.55,20260901,1947,N21,VIIRS,N,2.0NRT,2,lance_archive_rule,cropland,140.081
15.182,76.66639,302.72,275.51,2.1,70.0,0.43,0.62,20260901,1949,N21,VIIRS,N,2.0NRT,1,lance_archive_rule,JSW Steel Vijayanagar,0.665
15.17762,76.65395,304.08,279.58,1.44,70.0,0.43,0.62,20260901,1949,N21,VIIRS,N,2.0NRT,1,lance_archive_rule,JSW Steel Vijayanagar,1.83
15.17719,76.65791,300.23,278.41,1.44,70.0,0.43,0.62,20260901,1949,N21,VIIRS,N,2.0NRT,1,lance_archive_rule,JSW Steel Vijayanagar,1.408
25.9415,72.19106,303.53,288.57,0.48,70.0,0.54,0.51,20260901,2125,N21,VIIRS,N,2.0NRT,1,lance_archive_rule,RIICO Balotra Industrial & Dyeing Area,1.57
18.68805,73.05092,298.87,280.5,1.1,70.0,0.43,0.62,20260901,2125,N21,VIIRS,N,2.0NRT,2,lance_archive_rule,cropland,39.828
18.68674,73.02962,302.19,279.16,1.77,70.0,0.43,0.62,20260901,2125,N21,VIIRS,N,2.0NRT,2,lance_archive_rule,cropland,39.088
17.6793,75.30967,333.82,297.15,8.02,70.0,0.45,0.47,20260902,0837,N21,VIIRS,D,2.0NRT,2,lance_archive_rule,cropland,144.863
18.45843,74.21844,334.79,291.29,3.53,70.0,0.4,0.44,20260902,0837,N21,VIIRS,D,2.0NRT,2,lance_archive_rule,cropland,136.47
21.10544,72.64433,333.95,292.7,5.69,70.0,0.52,0.41,20260902,0837,N21,VIIRS,D,2.0NRT,1,lance_archive_rule,ONGC Hazira Gas Processing Plant,0.733
21.10416,72.63442,335.35,290.75,8.63,70.0,0.52,0.41,20260902,0837,N21,VIIRS,D,2.0NRT,1,lance_archive_rule,ONGC Hazira Gas Processing Plant,1.402
10.76591,78.63389,332.65,299.67,4.46,70.0,0.61,0.53,20260902,0837,N21,VIIRS,D,2.0NRT,2,lance_archive_rule,cropland,148.871
10.86781,77.73611,336.59,302.33,2.79,70.0,0.53,0.5,20260902,0837,N21,VIIRS,D,2.0NRT,2,lance_archive_rule,cropland,179.432
10.86859,77.7392,338.51,301.4,6.27,70.0,0.53,0.5,20260902,0837,N21,VIIRS,D,2.0NRT,2,lance_archive_rule,cropland,179.763
11.17819,77.71023,331.93,298.86,4.45,70.0,0.53,0.5,20260902,0837,N21,VIIRS,D,2.0NRT,2,lance_archive_rule,cropland,198.096
11.72303,78.5864,332.6,293.09,5.77,70.0,0.62,0.54,20260902,0837,N21,VIIRS,D,2.0NRT,2,lance_archive_rule,cropland,128.821
12.1201,79.1136,331.81,296.61,3.43,70.0,0.34,0.56,20260902,0837,N21,VIIRS,D,2.0NRT,2,lance_archive_rule,cropland,95.493
12.0616,77.02872,343.15,296.93,9.89,70.0,0.49,0.49,20260902,0837,N21,VIIRS,D,2.0NRT,2,lance_archive_rule,cropland,235.264
12.42042,78.76832,336.12,288.62,3.86,70.0,0.33,0.55,20260902,0837,N21,VIIRS,D,2.0NRT,2,lance_archive_rule,cropland,145.708
31.09241,74.68892,335.77,295.36,4.61,70.0,0.6,0.53,20260902,0839,N21,VIIRS,D,2.0NRT,2,lance_archive_rule,cropland,101.054
31.12882,74.65296,339.88,294.93,7.4,70.0,0.6,0.53,20260902,0839,N21,VIIRS,D,2.0NRT,2,lance_archive_rule,cropland,105.811
21.11116,72.63615,312.42,292.67,3.17,70.0,0.55,0.43,20260902,2108,N21,VIIRS,N,2.0NRT,1,lance_archive_rule,ONGC Hazira Gas Processing Plant,0.923
21.10537,72.64582,338.79,292.98,13.36,70.0,0.55,0.43,20260902,2108,N21,VIIRS,N,2.0NRT,1,lance_archive_rule,ONGC Hazira Gas Processing Plant,0.742
21.10441,72.65108,305.34,291.72,1.8,70.0,0.56,0.43,20260902,2108,N21,VIIRS,N,2.0NRT,1,lance_archive_rule,ONGC Hazira Gas Processing Plant,1.054
21.10342,72.63448,331.44,292.86,11.47,70.0,0.55,0.43,20260902,2108,N21,VIIRS,N,2.0NRT,1,lance_archive_rule,ONGC Hazira Gas Processing Plant,1.45
21.10053,72.65025,308.09,291.26,1.8,70.0,0.56,0.43,20260902,2108,N21,VIIRS,N,2.0NRT,1,lance_archive_rule,ONGC Hazira Gas Processing Plant,1.387
15.18017,76.6749,301.96,283.24,3.11,70.0,0.43,0.62,20260902,2108,N21,VIIRS,N,2.0NRT,1,lance_archive_rule,JSW Steel Vijayanagar,0.483
11.5922,77.26511,306.72,261.9,0.87,70.0,0.55,0.68,20260902,2110,N21,VIIRS,N,2.0NRT,2,lance_archive_rule,cropland,200.426
10.43311,77.06167,300.53,284.04,0.65,70.0,0.56,0.69,20260902,2110,N21,VIIRS,N,2.0NRT,2,lance_archive_rule,cropland,91.299
18.24572,75.4022,336.99,294.85,4.06,70.0,0.4,0.37,20260903,0818,N21,VIIRS,D,2.0NRT,2,lance_archive_rule,cropland,201.81
18.5062,74.34609,343.88,303.18,5.6,70.0,0.39,0.36,20260903,0818,N21,VIIRS,D,2.0NRT,2,lance_archive_rule,cropland,144.468
18.65981,74.60452,333.35,303.89,2.45,50.0,0.39,0.36,20260903,0818,N21,VIIRS,D,2.0NRT,2,lance_archive_rule,cropland,160.879
19.41619,74.73562,335.63,295.77,4.98,70.0,0.4,0.37,20260903,0820,N21,VIIRS,D,2.0NRT,2,lance_archive_rule,cropland,164.368
21.10363,72.64727,341.64,302.04,9.19,70.0,0.39,0.36,20260903,0820,N21,VIIRS,D,2.0NRT,1,lance_archive_rule,ONGC Hazira Gas Processing Plant,0.96
21.10192,72.63627,339.66,300.92,9.64,70.0,0.39,0.36,20260903,0820,N21,VIIRS,D,2.0NRT,1,lance_archive_rule,ONGC Hazira Gas Processing Plant,1.441
21.10691,72.6467,353.0,303.51,9.19,70.0,0.39,0.36,20260903,0820,N21,VIIRS,D,2.0NRT,1,lance_archive_rule,ONGC Hazira Gas Processing Plant,0.593
21.1085,72.63512,338.53,301.34,6.92,70.0,0.39,0.36,20260903,0820,N21,VIIRS,D,2.0NRT,1,lance_archive_rule,ONGC Hazira Gas Processing Plant,1.096
30.57886,74.04327,330.83,300.38,2.89,70.0,0.46,0.39,20260903,0822,N21,VIIRS,D,2.0NRT,2,lance_archive_rule,cropland,94.692
30.78766,73.98348,333.83,301.61,15.24,70.0,0.46,0.39,20260903,0822,N21,VIIRS,D,2.0NRT,2,lance_archive_rule,cropland,111.415
31.03563,74.41142,335.51,297.85,3.55,70.0,0.48,0.4,20260903,0822,N21,VIIRS,D,2.0NRT,2,lance_archive_rule,cropland,104.645
31.16984,75.04272,335.59,296.53,4.87,70.0,0.51,0.41,20260903,0822,N21,VIIRS,D,2.0NRT,2,lance_archive_rule,cropland,107.474
31.46605,74.61465,336.94,301.01,4.63,70.0,0.49,0.4,20260903,0822,N21,VIIRS,D,2.0NRT,2,lance_archive_rule,cropland,143.132
31.62567,74.98903,332.14,296.26,4.15,70.0,0.51,0.41,20260903,0822,N21,VIIRS,D,2.0NRT,2,lance_archive_rule,cropland,157.732
31.81754,74.59283,340.73,296.72,6.08,70.0,0.5,0.41,20260903,0822,N21,VIIRS,D,2.0NRT,2,lance_archive_rule,cropland,181.868
10.23588,79.19627,338.92,303.12,9.69,70.0,0.49,0.4,20260903,0816,N21,VIIRS,D,2.0NRT,2,lance_archive_rule,cropland,156.418
10.11183,77.66344,343.37,308.57,6.72,70.0,0.42,0.37,20260903,0816,N21,VIIRS,D,2.0NRT,2,lance_archive_rule,cropland,143.55
10.11128,77.65968,349.06,306.96,6.72,70.0,0.42,0.37,20260903,0816,N21,VIIRS,D,2.0NRT,2,lance_archive_rule,cropland,143.134
10.11921,77.66613,342.56,308.33,8.07,70.0,0.42,0.37,20260903,0816,N21,VIIRS,D,2.0NRT,2,lance_archive_rule,cropland,143.92
10.67869,78.942,335.66,296.53,7.36,70.0,0.48,0.4,20260903,0816,N21,VIIRS,D,2.0NRT,2,lance_archive_rule,cropland,129.743
10.74984,78.97149,332.9,295.07,3.0,70.0,0.48,0.4,20260903,0816,N21,VIIRS,D,2.0NRT,2,lance_archive_rule,cropland,121.794
10.84841,78.50124,347.91,299.73,10.66,70.0,0.46,0.39,20260903,0816,N21,VIIRS,D,2.0NRT,2,lance_archive_rule,cropland,156.274
10.78625,77.79347,343.36,305.5,9.5,70.0,0.43,0.38,20260903,0816,N21,VIIRS,D,2.0NRT,2,lance_archive_rule,cropland,180.134
11.00386,79.25903,335.16,300.72,2.95,70.0,0.5,0.41,20260903,0816,N21,VIIRS,D,2.0NRT,2,lance_archive_rule,cropland,79.69
10.82759,77.76785,337.1,300.51,2.88,70.0,0.42,0.38,20260903,0816,N21,VIIRS,D,2.0NRT,2,lance_archive_rule,cropland,180.017
11.18612,79.70135,330.95,299.27,5.73,70.0,0.53,0.42,20260903,0816,N21,VIIRS,D,2.0NRT,2,lance_archive_rule,cropland,38.87
11.50959,79.52499,333.9,290.66,5.71,70.0,0.52,0.42,20260903,0816,N21,VIIRS,D,2.0NRT,2,lance_archive_rule,cropland,24.967
11.39026,78.14157,341.79,296.62,3.98,70.0,0.44,0.39,20260903,0816,N21,VIIRS,D,2.0NRT,2,lance_archive_rule,cropland,176.315
11.45467,77.59742,332.46,294.74,2.43,70.0,0.42,0.38,20260903,0816,N21,VIIRS,D,2.0NRT,2,lance_archive_rule,cropland,211.187
32.1031,74.17751,309.36,295.85,2.92,70.0,0.39,0.36,20260903,2046,N21,VIIRS,N,2.0NRT,2,lance_archive_rule,cropland,222.618
31.67875,73.96751,309.0,296.31,0.86,70.0,0.39,0.36,20260903,2046,N21,VIIRS,N,2.0NRT,2,lance_archive_rule,cropland,187.63
31.61502,74.37548,308.84,295.69,0.8,70.0,0.39,0.36,20260903,2046,N21,VIIRS,N,2.0NRT,2,lance_archive_rule,cropland,165.216
29.47605,76.85793,329.76,293.88,4.09,70.0,0.41,0.37,20260903,2046,N21,VIIRS,N,2.0NRT,2,lance_archive_rule,cropland,13.693
25.94356,72.19094,331.2,296.13,3.76,70.0,0.4,0.37,20260903,2049,N21,VIIRS,N,2.0NRT,1,lance_archive_rule,RIICO Balotra Industrial & Dyeing Area,1.698
21.11061,72.63454,307.53,294.41,2.17,70.0,0.38,0.36,20260903,2046,N21,VIIRS,N,2.0NRT,1,lance_archive_rule,ONGC Hazira Gas Processing Plant,1.096
21.10831,72.64921,307.64,294.94,2.7,70.0,0.38,0.36,20260903,2046,N21,VIIRS,N,2.0NRT,1,lance_archive_rule,ONGC Hazira Gas Processing Plant,0.599
21.10559,72.64497,336.85,296.19,5.98,70.0,0.38,0.36,20260903,2046,N21,VIIRS,N,2.0NRT,1,lance_archive_rule,ONGC Hazira Gas Processing Plant,0.713
21.10674,72.63763,308.49,294.77,2.86,70.0,0.38,0.36,20260903,2046,N21,VIIRS,N,2.0NRT,1,lance_archive_rule,ONGC Hazira Gas Processing Plant,0.963
21.10502,72.64862,318.53,294.39,5.98,70.0,0.38,0.36,20260903,2046,N21,VIIRS,N,2.0NRT,1,lance_archive_rule,ONGC Hazira Gas Processing Plant,0.862
21.10345,72.63704,333.77,294.36,2.86,70.0,0.38,0.36,20260903,2046,N21,VIIRS,N,2.0NRT,1,lance_archive_rule,ONGC Hazira Gas Processing Plant,1.259
21.10016,72.63646,332.79,294.58,6.12,70.0,0.38,0.36,20260903,2046,N21,VIIRS,N,2.0NRT,1,lance_archive_rule,ONGC Hazira Gas Processing Plant,1.587
18.69219,73.03861,308.87,291.31,2.04,70.0,0.39,0.36,20260903,2049,N21,VIIRS,N,2.0NRT,2,lance_archive_rule,cropland,38.885
18.68674,73.03004,319.05,291.93,1.67,70.0,0.39,0.36,20260903,2049,N21,VIIRS,N,2.0NRT,2,lance_archive_rule,cropland,39.104
18.68221,73.03683,331.89,291.55,5.42,70.0,0.39,0.36,20260903,2049,N21,VIIRS,N,2.0NRT,2,lance_archive_rule,cropland,39.838
18.68341,73.02945,308.6,290.98,1.67,70.0,0.39,0.36,20260903,2049,N21,VIIRS,N,2.0NRT,2,lance_archive_rule,cropland,39.427
18.67889,73.03624,314.72,290.86,2.73,70.0,0.39,0.36,20260903,2049,N21,VIIRS,N,2.0NRT,2,lance_archive_rule,cropland,40.157
15.18609,76.65908,306.28,290.85,1.64,70.0,0.42,0.45,20260903,2049,N21,VIIRS,N,2.0NRT,1,lance_archive_rule,JSW Steel Vijayanagar,1.564
15.18064,76.66591,324.76,290.71,2.2,70.0,0.42,0.45,20260903,2049,N21,VIIRS,N,2.0NRT,1,lance_archive_rule,JSW Steel Vijayanagar,0.62
15.17996,76.66974,305.7,290.04,2.2,70.0,0.42,0.45,20260903,2049,N21,VIIRS,N,2.0NRT,1,lance_archive_rule,JSW Steel Vijayanagar,0.256
15.1786,76.6774,304.63,290.54,2.62,70.0,0.42,0.45,20260903,2049,N21,VIIRS,N,2.0NRT,1,lance_archive_rule,JSW Steel Vijayanagar,0.69
15.17791,76.65741,326.69,290.55,1.81,70.0,0.42,0.45,20260903,2049,N21,VIIRS,N,2.0NRT,1,lance_archive_rule,JSW Steel Vijayanagar,1.458
15.17859,76.65359,305.26,289.91,1.04,70.0,0.42,0.45,20260903,2049,N21,VIIRS,N,2.0NRT,1,lance_archive_rule,JSW Steel Vijayanagar,1.87
15.17451,76.67654,305.63,289.91,1.13,70.0,0.42,0.45,20260903,2049,N21,VIIRS,N,2.0NRT,1,lance_archive_rule,JSW Steel Vijayanagar,0.71
15.17179,76.69175,307.81,289.5,1.18,70.0,0.42,0.45,20260903,2049,N21,VIIRS,N,2.0NRT,1,lance_archive_rule,JSW Steel Vijayanagar,2.331
15.1745,76.65276,305.33,289.85,1.04,70.0,0.42,0.45,20260903,2049,N21,VIIRS,N,2.0NRT,1,lance_archive_rule,JSW Steel Vijayanagar,1.996
15.17382,76.65658,306.57,290.34,1.81,70.0,0.42,0.45,20260903,2049,N21,VIIRS,N,2.0NRT,1,lance_archive_rule,JSW Steel Vijayanagar,1.616
15.17314,76.6604,303.5,289.81,1.81,70.0,0.42,0.45,20260903,2049,N21,VIIRS,N,2.0NRT,1,lance_archive_rule,JSW Steel Vijayanagar,1.259
11.18059,79.10029,313.59,290.21,1.28,70.0,0.35,0.57,20260903,2051,N21,VIIRS,N,2.0NRT,2,lance_archive_rule,cropland,81.18
11.10315,77.76294,306.76,289.5,0.94,70.0,0.58,0.52,20260903,2051,N21,VIIRS,N,2.0NRT,2,lance_archive_rule,cropland,197.11
