latitude,longitude,bright_ti4,scan,track,acq_date,acq_time,satellite,instrument,confidence,version,bright_ti5,frp,daynight,acq_datetime,confidence_score,event_id,persistence_count_30d,dist_to_industrial_m,dist_to_power_m,dist_to_mining_m,dist_to_cropland_m,dist_to_forest_m,label,label_name
29.80445,73.11905,339.27,0.57,0.43,2026-07-20,801,N,VIIRS,n,2.0NRT,296.34,6.03,D,2026-07-20 08:01:00,0.6,194_2026-07-20,0,20963.685465231138,15083.865591228216,138713.2679812438,18473.833610679965,31856.694740216615,4,other_unclassified
30.04472,73.04025,331.29,0.57,0.43,2026-07-20,801,N,VIIRS,n,2.0NRT,295.98,8.63,D,2026-07-20 08:01:00,0.6,195_2026-07-20,0,25969.64304781046,14266.374750200395,164601.69211014293,15442.152291781244,26457.467106661905,4,other_unclassified
30.27229,73.27193,338.49,0.55,0.42,2026-07-20,803,N,VIIRS,n,2.0NRT,298.0,5.05,D,2026-07-20 08:03:00,0.6,196_2026-07-20,0,9151.928973529784,14527.60471251188,128232.0501329348,10597.45037404188,33449.52289999093,4,other_unclassified
30.06366,73.24711,345.85,0.34,0.56,2026-07-21,741,N,VIIRS,n,2.0NRT,281.72,8.65,D,2026-07-21 07:41:00,0.6,197_2026-07-21,0,7196.747813556578,11560.90606458224,149902.60021367986,22644.482516864828,7279.080363046002,4,other_unclassified
30.18739,73.00787,333.98,0.35,0.56,2026-07-21,741,N,VIIRS,n,2.0NRT,283.75,2.13,D,2026-07-21 07:41:00,0.6,198_2026-07-21,0,12842.06735695208,7466.0294996707025,156384.24841152184,7815.936984715793,37293.67246255232,4,other_unclassified
28.66147,77.57709,305.99,0.33,0.55,2026-07-21,2006,N,VIIRS,n,2.0NRT,286.07,1.06,N,2026-07-21 20:06:00,0.6,199_2026-07-21,1,58.5606811182794,8284.406010101948,26671.67898827974,2841.910575878377,2559.866740455328,0,industrial_fire
28.66513,77.57671,306.55,0.33,0.55,2026-07-21,2006,N,VIIRS,n,2.0NRT,286.02,1.8,N,2026-07-21 20:06:00,0.6,200_2026-07-21,1,303.84332093473284,8727.287145214475,26440.967441590612,3228.6212424207,2932.4355488621236,0,industrial_fire
26.63897,79.47527,303.97,0.47,0.64,2026-07-22,1947,N,VIIRS,n,2.0NRT,286.27,1.19,N,2026-07-22 19:47:00,0.6,201_2026-07-22,1,1828.486768631815,5279.957066024902,114564.45336901654,9749.152309338311,16350.279165008576,0,industrial_fire
26.64495,79.47585,307.95,0.47,0.64,2026-07-22,1947,N,VIIRS,n,2.0NRT,285.9,1.19,N,2026-07-22 19:47:00,0.6,202_2026-07-22,1,1667.91800274855,5106.056573870785,114009.11107958738,9442.011164633464,16184.839710975582,0,industrial_fire
28.71034,76.85629,304.36,0.71,0.75,2026-07-22,1949,N,VIIRS,n,2.0NRT,284.31,1.0,N,2026-07-22 19:49:00,0.6,203_2026-07-22,0,1917.4754431145816,3014.6634450702595,23900.153044094783,11871.149624539885,15316.06558994782,0,industrial_fire
27.66928,76.13039,305.95,0.34,0.56,2026-07-22,2127,N,VIIRS,n,2.0NRT,287.36,0.9,N,2026-07-22 21:27:00,0.6,205_2026-07-22,1,331.52089433762256,1228.4022654227529,1458.0449237788744,22369.28122335523,14086.834499904351,0,industrial_fire
27.66849,76.13383,303.92,0.34,0.56,2026-07-22,2127,N,VIIRS,n,2.0NRT,287.24,0.7,N,2026-07-22 21:27:00,0.6,204_2026-07-22,1,509.4889114083743,914.7305204739812,1809.7924522213943,21980.28405071434,14294.747235534478,0,industrial_fire
28.74357,76.92528,301.6,0.39,0.44,2026-07-23,2110,N,VIIRS,n,2.0NRT,288.53,1.25,N,2026-07-23 21:10:00,0.6,206_2026-07-23,0,4157.89236186514,3538.6228584657915,15488.131087786343,5954.762013403138,16407.39084671473,4,other_unclassified
28.92535,78.86118,355.41,0.49,0.49,2026-07-23,2110,N,VIIRS,n,2.0NRT,289.9,24.44,N,2026-07-23 21:10:00,0.6,207_2026-07-23,0,799.3438663069451,4016.128546406958,30667.929565274604,6046.2095387947875,13965.364446319572,0,industrial_fire
26.64354,79.48151,330.2,0.43,0.46,2026-07-24,824,N,VIIRS,n,2.0NRT,291.34,4.01,D,2026-07-24 08:24:00,0.6,208_2026-07-24,1,1032.3008348493431,4497.087181968625,113668.43332018396,10083.618456742102,16838.848610012603,0,industrial_fire
30.50584,73.81229,336.07,0.4,0.37,2026-07-24,826,N,VIIRS,n,2.0NRT,296.72,2.6,D,2026-07-24 08:26:00,0.6,209_2026-07-24,1,25264.99770625155,10938.37251463222,71232.66729544982,10941.229042241528,42508.07407572299,4,other_unclassified
30.50923,73.81166,340.34,0.4,0.37,2026-07-24,826,N,VIIRS,n,2.0NRT,295.96,5.81,D,2026-07-24 08:26:00,0.6,210_2026-07-24,1,25533.94540723217,10548.014691409053,70841.4333950809,10565.45434220106,42247.9464133723,4,other_unclassified
30.72807,73.80727,336.54,0.4,0.37,2026-07-24,826,N,VIIRS,n,2.0NRT,294.22,2.71,D,2026-07-24 08:26:00,0.6,211_2026-07-24,1,22305.19183719584,3759.6802605318057,45309.38975754804,3632.953553689915,38469.618436643155,2,agricultural_burn
30.72849,73.80787,335.4,0.4,0.37,2026-07-24,826,N,VIIRS,n,2.0NRT,293.66,3.5,D,2026-07-24 08:26:00,0.6,212_2026-07-24,1,22382.170638673862,3791.630196264025,45228.122553586145,3650.748087257454,38547.70794354531,2,agricultural_burn
30.85359,75.53551,331.38,0.46,0.39,2026-07-24,826,N,VIIRS,n,2.0NRT,294.3,2.44,D,2026-07-24 08:26:00,0.6,213_2026-07-24,1,2929.0674909171335,6306.277252869267,86250.96669475136,14892.63500285593,6852.37894382336,4,other_unclassified
30.85431,75.53709,334.33,0.46,0.39,2026-07-24,826,N,VIIRS,n,2.0NRT,294.86,3.83,D,2026-07-24 08:26:00,0.6,214_2026-07-24,1,2975.8497770140984,6238.5022750025155,86183.38161808498,14698.259555317934,6653.28938377559,4,other_unclassified
31.31094,75.34057,335.03,0.45,0.39,2026-07-24,826,N,VIIRS,n,2.0NRT,295.04,3.18,D,2026-07-24 08:26:00,0.6,215_2026-07-24,1,182.37989424695888,13657.755499051238,26751.871794643663,1451.9784849950045,15808.408951259453,0,industrial_fire
31.31453,75.33996,337.4,0.45,0.39,2026-07-24,826,N,VIIRS,n,2.0NRT,293.69,3.18,D,2026-07-24 08:26:00,0.6,216_2026-07-24,1,501.94811012909906,13287.451546681912,26297.844171601617,997.872594272236,16065.003163984577,0,industrial_fire
29.12566,75.77786,306.08,0.38,0.36,2026-07-24,2051,N,VIIRS,n,2.0NRT,290.64,2.4,N,2026-07-24 20:51:00,0.6,219_2026-07-24,0,105.14826559330076,1442.5594222868858,30006.430591249264,636.3572818771127,6562.847838292744,0,industrial_fire
27.37768,77.68481,303.1,0.41,0.37,2026-07-24,2051,N,VIIRS,n,2.0NRT,291.63,2.5,N,2026-07-24 20:51:00,0.6,217_2026-07-24,0,455.8154707358622,13715.9441951717,41010.75230730042,4946.772189746491,1318.046278391151,0,industrial_fire
28.77386,77.56726,313.65,0.4,0.37,2026-07-24,2051,N,VIIRS,n,2.0NRT,291.04,2.59,N,2026-07-24 20:51:00,0.6,218_2026-07-24,0,6051.818287229647,18041.074373245403,23299.65970232468,10632.888057639935,14022.463254137963,4,other_unclassified
26.87887,73.5134,306.5,0.41,0.37,2026-07-24,2053,N,VIIRS,n,2.0NRT,291.13,3.92,N,2026-07-24 20:53:00,0.6,220_2026-07-24,0,5329.323563613116,14102.58673516799,1098.510029759845,34832.95641632056,35088.69060112725,0,industrial_fire
30.98171,76.17087,332.17,0.39,0.36,2026-07-25,807,N,VIIRS,n,2.0NRT,294.87,3.75,D,2026-07-25 08:07:00,0.6,162_2026-07-25,0,6978.215879232779,6978.215879232779,34325.80282336147,4695.46982843463,3510.3812798753784,2,agricultural_burn
26.60645,73.6841,304.8,0.45,0.47,2026-07-25,2032,N,VIIRS,n,2.0NRT,290.12,1.79,N,2026-07-25 20:32:00,0.6,163_2026-07-25,0,203.9188241089816,990.980347230666,6418.124170718126,16961.4014783509,16387.992649379197,0,industrial_fire
26.64172,79.47929,315.69,0.39,0.36,2026-07-25,2032,N,VIIRS,n,2.0NRT,288.74,1.59,N,2026-07-25 20:32:00,0.6,164_2026-07-25,3,1305.0424933868887,4774.944119486627,114003.74998816955,9968.043425661288,16668.34364261456,1,persistent_industrial
28.72426,76.68844,306.29,0.49,0.4,2026-07-25,2032,N,VIIRS,n,2.0NRT,290.67,2.29,N,2026-07-25 20:32:00,0.6,165_2026-07-25,0,4999.156847314855,19704.069292541393,39157.57192968792,11268.928056210598,19790.154725561617,4,other_unclassified
29.57411,74.33419,339.62,0.49,0.48,2026-07-26,748,N,VIIRS,n,2.0NRT,295.38,5.46,D,2026-07-26 07:48:00,0.6,166_2026-07-26,0,35259.98590651914,32317.430943881536,50323.4769311347,11574.6257626764,8425.258859568135,4,other_unclassified
29.73132,78.01617,328.71,0.47,0.4,2026-07-26,748,N,VIIRS,l,2.0NRT,296.48,4.25,D,2026-07-26 07:48:00,0.3,167_2026-07-26,0,2415.527344610207,5602.825201031007,11527.948730509572,25160.6645628657,8290.882392214957,4,other_unclassified
26.64404,79.47814,306.54,0.39,0.44,2026-07-26,2014,N,VIIRS,n,2.0NRT,286.84,1.44,N,2026-07-26 20:14:00,0.6,168_2026-07-26,4,1407.2103680157068,4862.506730997036,113899.79399389728,9720.571296928883,16461.46363304377,1,persistent_industrial
26.64647,79.47639,308.87,0.38,0.59,2026-07-27,1953,N,VIIRS,n,2.0NRT,276.5,1.19,N,2026-07-27 19:53:00,0.6,170_2026-07-27,5,1635.6964448512028,5034.807489477343,113836.25592410153,9411.111910200994,16190.089519244451,1,persistent_industrial
26.64103,79.47578,310.79,0.38,0.59,2026-07-27,1953,N,VIIRS,n,2.0NRT,276.19,1.18,N,2026-07-27 19:53:00,0.6,169_2026-07-27,6,1705.0730714747542,5174.579548584746,114347.67693148152,9667.87237546579,16322.424525068458,1,persistent_industrial
31.2597,76.92422,307.19,0.42,0.45,2026-07-28,2114,N,VIIRS,n,2.0NRT,287.75,0.77,N,2026-07-28 21:14:00,0.6,172_2026-07-28,0,1088.4975648363716,16833.274086343215,4919.647149000791,18804.286730031756,2029.5231691668484,0,industrial_fire
31.24981,76.92992,302.52,0.42,0.45,2026-07-28,2114,N,VIIRS,n,2.0NRT,287.09,0.71,N,2026-07-28 21:14:00,0.6,171_2026-07-28,0,355.4917066729993,18257.006828310172,4093.343491779583,18839.720425446783,1241.197836327777,0,industrial_fire
26.96399,73.29074,335.06,0.4,0.37,2026-07-29,833,N,VIIRS,n,2.0NRT,300.03,3.0,D,2026-07-29 08:33:00,0.6,173_2026-07-29,0,11353.636997036285,11353.636997036285,19275.219014189395,45769.8625886805,51764.43651151319,4,other_unclassified
29.69316,73.15125,331.37,0.42,0.38,2026-07-29,833,N,VIIRS,n,2.0NRT,298.65,1.93,D,2026-07-29 08:33:00,0.6,174_2026-07-29,0,6339.881009738489,3523.948447413086,128106.47318347848,4147.307202218015,20467.96808290764,2,agricultural_burn
30.04467,73.30842,335.74,0.43,0.38,2026-07-29,833,N,VIIRS,n,2.0NRT,298.11,4.35,D,2026-07-29 08:33:00,0.6,175_2026-07-29,0,6018.494007995531,8549.990142475803,143555.6283395651,16085.653469282,5569.19809991251,4,other_unclassified
30.0622,73.35979,332.51,0.43,0.38,2026-07-29,833,N,VIIRS,n,2.0NRT,297.61,1.68,D,2026-07-29 08:33:00,0.6,176_2026-07-29,1,11905.665787824486,12992.777835432433,141651.44060289348,15283.883191723182,11404.006794097268,4,other_unclassified
30.24343,73.34405,340.77,0.43,0.38,2026-07-29,833,N,VIIRS,n,2.0NRT,298.17,8.94,D,2026-07-29 08:33:00,0.6,178_2026-07-29,0,8573.934787855795,15906.834432008764,126135.23440769766,8674.146673660014,30706.592876116854,4,other_unclassified
30.29878,73.74285,332.71,0.44,0.39,2026-07-29,833,N,VIIRS,n,2.0NRT,297.54,3.12,D,2026-07-29 08:33:00,0.6,179_2026-07-29,0,18664.611983133924,20530.361861585123,99028.83105486876,34937.06239229598,55034.648554619765,4,other_unclassified
30.44261,73.8577,332.93,0.45,0.39,2026-07-29,833,N,VIIRS,n,2.0NRT,299.72,3.29,D,2026-07-29 08:33:00,0.6,180_2026-07-29,0,17664.71756585227,17160.089736223974,77673.33616732832,20485.47658075167,50967.46841381719,4,other_unclassified
30.61484,73.8088,331.98,0.45,0.39,2026-07-29,833,N,VIIRS,n,2.0NRT,296.89,2.88,D,2026-07-29 08:33:00,0.6,181_2026-07-29,0,24058.6694982842,2339.8634781950705,58240.25817317082,7112.545296511651,37834.498306030786,4,other_unclassified
30.06569,73.35918,336.58,0.43,0.38,2026-07-29,833,N,VIIRS,n,2.0NRT,297.43,2.68,D,2026-07-29 08:33:00,0.6,177_2026-07-29,1,12102.046089350382,13324.27873507893,142045.65498389828,15732.384924345852,11606.82863234355,4,other_unclassified
31.25142,76.92837,299.3,0.4,0.37,2026-07-29,2055,N,VIIRS,n,2.0NRT,289.26,1.01,N,2026-07-29 20:55:00,0.6,189_2026-07-29,1,154.10212186134643,18002.649447134616,4274.676423364374,18880.4928199189,1247.7684511358543,0,industrial_fire
28.77504,76.69907,317.99,0.41,0.37,2026-07-29,2055,N,VIIRS,n,2.0NRT,291.91,0.96,N,2026-07-29 20:55:00,0.6,187_2026-07-29,1,2764.3416387673956,19254.164758456536,36157.359524232466,13009.739429716388,13518.408541570258,4,other_unclassified
28.77164,76.6983,308.98,0.41,0.37,2026-07-29,2055,N,VIIRS,n,2.0NRT,291.68,0.96,N,2026-07-29 20:55:00,0.6,186_2026-07-29,1,2644.4699121337376,19221.12974569803,36335.38653128756,12789.84838160494,13929.206592937177,4,other_unclassified
29.47426,76.8594,307.67,0.41,0.37,2026-07-29,2055,N,VIIRS,n,2.0NRT,292.52,1.97,N,2026-07-29 20:55:00,0.6,188_2026-07-29,0,982.0716831522474,1996.380792569028,83252.04712259036,8097.395783179907,15939.75919727123,0,industrial_fire
28.66101,77.58128,305.66,0.44,0.39,2026-07-29,2055,N,VIIRS,n,2.0NRT,288.85,1.71,N,2026-07-29 20:55:00,0.6,183_2026-07-29,3,522.2122878525424,8052.007399355043,27119.72838879734,2507.1554156664297,2206.5810726187397,1,persistent_industrial
28.66223,77.57938,305.56,0.44,0.39,2026-07-29,2055,N,VIIRS,n,2.0NRT,289.29,1.72,N,2026-07-29 20:55:00,0.6,184_2026-07-29,3,331.10199769534665,8273.65019604,26863.05376074889,2756.0396104150573,2459.4772270968847,1,persistent_industrial
28.7445,76.93399,307.14,0.42,0.38,2026-07-29,2055,N,VIIRS,n,2.0NRT,291.78,0.59,N,2026-07-29 20:55:00,0.6,185_2026-07-29,0,5058.506268754798,4496.064571191574,14778.354729773027,5326.675076282347,16452.752961134673,4,other_unclassified
28.37241,77.22707,311.97,0.43,0.38,2026-07-29,2055,N,VIIRS,n,2.0NRT,289.99,1.7,N,2026-07-29 20:55:00,0.6,182_2026-07-29,0,736.8697492406078,9906.36859106958,1583.959261961195,6094.041665085491,2001.4600689033564,0,industrial_fire
27.66858,76.12903,310.74,0.41,0.37,2026-07-29,2057,N,VIIRS,n,2.0NRT,291.86,1.38,N,2026-07-29 20:57:00,0.6,193_2026-07-29,3,247.1397717891097,1399.4486195932268,1423.7270223988494,22514.13872677281,13917.203853389905,1,persistent_industrial
26.64041,79.47852,314.25,0.39,0.44,2026-07-29,2057,N,VIIRS,n,2.0NRT,284.55,2.5,N,2026-07-29 20:57:00,0.6,190_2026-07-29,6,1428.6920099235124,4888.926902802151,114177.90821272862,9971.347132482357,16636.347504011883,1,persistent_industrial
27.2882,73.83845,306.49,0.38,0.36,2026-07-29,2057,N,VIIRS,n,2.0NRT,292.09,2.22,N,2026-07-29 20:57:00,0.6,191_2026-07-29,0,16758.218149946333,46706.4003169143,34094.067641868976,52093.059438349934,93739.11349506328,4,other_unclassified
27.66788,76.13313,305.63,0.41,0.37,2026-07-29,2057,N,VIIRS,n,2.0NRT,291.58,1.03,N,2026-07-29 20:57:00,0.6,192_2026-07-29,3,407.2953646251062,1020.9262888686508,1800.2874388341274,22052.88201817994,14185.46341984044,1,persistent_industrial
28.46732,76.80379,335.67,0.39,0.36,2026-07-30,813,N,VIIRS,n,2.0NRT,299.44,4.16,D,2026-07-30 08:13:00,0.6,132_2026-07-30,0,324.67362971656286,16273.4384688605,27289.04018819965,10874.794055355318,827.2549432490254,0,industrial_fire
29.12459,75.77606,308.37,0.46,0.39,2026-07-30,2038,N,VIIRS,n,2.0NRT,291.32,4.7,N,2026-07-30 20:38:00,0.6,144_2026-07-30,1,235.12057366035995,1513.802286147799,29941.50668574711,611.6811286612508,6536.058234731622,0,industrial_fire
28.89301,78.85428,322.32,0.39,0.36,2026-07-30,2038,N,VIIRS,n,2.0NRT,285.44,3.89,N,2026-07-30 20:38:00,0.6,143_2026-07-30,0,2470.269428424196,2470.269428424196,34486.9655975837,7910.805228605992,10296.038922567226,4,other_unclassified
28.74503,76.92786,314.83,0.42,0.37,2026-07-30,2038,N,VIIRS,n,2.0NRT,290.68,1.73,N,2026-07-30 20:38:00,0.6,142_2026-07-30,2,4499.702449243681,3872.4413069391185,15160.242883131648,5893.792470655823,16564.61505339494,4,other_unclassified
28.74383,76.93636,306.51,0.42,0.37,2026-07-30,2038,N,VIIRS,n,2.0NRT,290.63,1.62,N,2026-07-30 20:38:00,0.6,141_2026-07-30,1,5257.048332681118,4726.016423977716,14683.536690493536,5073.68870986811,16357.954080246336,4,other_unclassified
28.37166,77.22602,310.1,0.41,0.37,2026-07-30,2038,N,VIIRS,n,2.0NRT,288.97,0.97,N,2026-07-30 20:38:00,0.6,140_2026-07-30,1,857.8937302087024,10025.76086837152,1677.7792880146371,6098.34209878162,1944.5287041441163,0,industrial_fire
28.27302,77.18317,298.91,0.41,0.37,2026-07-30,2038,N,VIIRS,n,2.0NRT,281.18,0.61,N,2026-07-30 20:38:00,0.6,136_2026-07-30,1,9390.310714716094,15027.398733649265,5728.29471356085,8822.41384094917,3681.2123752278594,3,wildfire
28.27749,77.27287,305.6,0.4,0.37,2026-07-30,2038,N,VIIRS,n,2.0NRT,285.64,0.77,N,2026-07-30 20:38:00,0.6,138_2026-07-30,0,302.1047965741829,5038.068808670291,12033.834080474937,5526.374334311971,3696.0685707125135,0,industrial_fire
28.27642,77.18379,303.49,0.41,0.37,2026-07-30,2038,N,VIIRS,n,2.0NRT,284.41,0.99,N,2026-07-30 20:38:00,0.6,137_2026-07-30,1,9335.134277860818,14928.173674051845,5316.950668751853,9175.404853206212,3274.13275948167,3,wildfire
27.66919,76.12913,306.49,0.43,0.38,2026-07-30,2038,N,VIIRS,n,2.0NRT,290.75,2.12,N,2026-07-30 20:38:00,0.6,135_2026-07-30,4,318.44814612915087,1366.1968228231065,1371.3343365202095,22508.369921303336,13979.058215923687,1,persistent_industrial
26.64277,79.47996,322.01,0.39,0.36,2026-07-30,2038,N,VIIRS,n,2.0NRT,287.01,1.9,N,2026-07-30 20:38:00,0.6,134_2026-07-30,8,1211.2166958709934,4680.995238963015,113859.88967146842,9973.077153575388,16701.03988999175,1,persistent_industrial
26.27181,74.1904,308.1,0.51,0.41,2026-07-30,2038,N,VIIRS,n,2.0NRT,293.24,3.23,N,2026-07-30 20:38:00,0.6,133_2026-07-30,0,523.449739642475,1126.1874754179514,2099.7431241206555,35994.575421800706,2248.0281020076973,0,industrial_fire
28.2934,77.18693,306.11,0.41,0.37,2026-07-30,2038,N,VIIRS,n,2.0NRT,288.3,1.14,N,2026-07-30 20:38:00,0.6,139_2026-07-30,0,7733.51195533504,14612.896546442553,3356.033264617838,8715.4263449828,1503.7605411879135,3,wildfire
29.47497,76.85839,312.47,0.42,0.38,2026-07-30,2038,N,VIIRS,n,2.0NRT,288.84,1.95,N,2026-07-30 20:38:00,0.6,145_2026-07-30,1,1099.1040677287797,2137.18155562771,83364.46528492382,7985.194391884212,15947.337241654735,0,industrial_fire
30.29496,73.73587,337.11,0.42,0.45,2026-07-31,756,N,VIIRS,n,2.0NRT,291.97,2.89,D,2026-07-31 07:56:00,0.6,146_2026-07-31,1,18090.705255023528,20816.765188026075,99740.5894314215,35430.56686225746,55029.11605622951,4,other_unclassified
30.29584,73.74016,329.9,0.42,0.45,2026-07-31,756,N,VIIRS,n,2.0NRT,291.87,2.89,D,2026-07-31 07:56:00,0.6,147_2026-07-31,2,18252.097688044552,20819.620726603276,99482.440849118,35314.46533414186,55189.82290664921,4,other_unclassified
26.64447,79.4797,311.34,0.48,0.4,2026-07-31,2019,N,VIIRS,n,2.0NRT,288.4,1.15,N,2026-07-31 20:19:00,0.6,151_2026-07-31,11,1236.013436034681,4684.324854447853,113736.3273725976,9851.64872557917,16612.925587529986,1,persistent_industrial
26.64223,79.48099,310.23,0.48,0.4,2026-07-31,2019,N,VIIRS,n,2.0NRT,288.31,0.87,N,2026-07-31 20:19:00,0.6,149_2026-07-31,11,1107.212266248992,4577.850093421785,113822.3125160889,10105.819539813352,16830.32760675069,1,persistent_industrial
26.64285,79.4761,308.56,0.48,0.4,2026-07-31,2019,N,VIIRS,n,2.0NRT,288.04,0.87,N,2026-07-31 20:19:00,0.6,150_2026-07-31,12,1638.3452661546416,5105.371340501407,114166.94451266696,9588.691984871592,16287.419966584304,1,persistent_industrial
28.83179,78.76865,314.79,0.56,0.43,2026-07-31,2019,N,VIIRS,n,2.0NRT,289.48,7.4,N,2026-07-31 20:19:00,0.6,152_2026-07-31,1,1587.3244481345707,11736.136634845076,46367.77487814239,14092.287315123784,2360.6031448830067,0,industrial_fire
28.83574,78.76926,330.97,0.56,0.43,2026-07-31,2019,N,VIIRS,n,2.0NRT,290.51,7.4,N,2026-07-31 20:19:00,0.6,153_2026-07-31,1,1365.6889935358367,11307.788615500427,45930.28488907945,13587.094200791256,2253.653608844358,0,industrial_fire
29.90904,74.94445,324.08,0.64,0.54,2026-07-31,2019,N,VIIRS,n,2.0NRT,288.36,4.58,N,2026-07-31 20:19:00,0.6,154_2026-07-31,1,1458.2583427036147,3004.267316213806,72565.0862937403,9882.241091628,11906.90000082953,0,industrial_fire
29.91071,74.94379,315.7,0.63,0.54,2026-07-31,2019,N,VIIRS,n,2.0NRT,288.45,5.6,N,2026-07-31 20:19:00,0.6,155_2026-07-31,1,1342.5292293260627,2891.600032385362,72758.75083269185,9728.813336735966,12132.880411609862,0,industrial_fire
26.64078,79.4791,313.2,0.48,0.4,2026-07-31,2019,N,VIIRS,n,2.0NRT,287.89,1.15,N,2026-07-31 20:19:00,0.6,148_2026-07-31,11,1353.6056817540234,4816.669699566295,114099.2996325154,10005.392572637744,16683.60053449966,1,persistent_industrial
31.67013,73.18804,333.96,0.58,0.7,2026-08-01,915,N,VIIRS,n,2.0NRT,287.46,4.43,D,2026-08-01 09:15:00,0.6,156_2026-08-01,1,3228.620866954716,282.6955557230121,124225.97690651278,22078.75509552616,21972.500827690605,0,industrial_fire
31.67132,73.1893,333.79,0.58,0.7,2026-08-01,915,N,VIIRS,n,2.0NRT,287.22,4.88,D,2026-08-01 09:15:00,0.6,157_2026-08-01,1,3262.442574409526,418.0180574472901,124225.2660022902,22100.17253754688,21992.00781128043,0,industrial_fire
31.01247,76.57536,295.38,0.5,0.66,2026-08-01,2000,N,VIIRS,n,2.0NRT,285.26,4.85,N,2026-08-01 20:00:00,0.6,158_2026-08-01,0,3201.939133298299,3983.5456184273967,6526.966343922781,2875.362722702383,1830.4399775060067,2,agricultural_burn
30.26365,73.24959,334.22,0.6,0.53,2026-08-02,858,N,VIIRS,n,2.0NRT,292.0,5.36,D,2026-08-02 08:58:00,0.6,159_2026-08-02,0,11856.904921366862,14397.850007799932,130699.0500214948,13319.186948232922,32457.494400213585,4,other_unclassified
29.47635,76.85744,313.34,0.56,0.51,2026-08-02,2123,N,VIIRS,n,2.0NRT,288.79,4.23,N,2026-08-02 21:23:00,0.6,161_2026-08-02,2,1300.0308137111433,2312.9487452513467,83559.29469535287,7791.262996201955,15888.820069054233,1,persistent_industrial
29.45936,76.88863,301.32,0.56,0.51,2026-08-02,2123,N,VIIRS,n,2.0NRT,281.04,1.68,N,2026-08-02 21:23:00,0.6,160_2026-08-02,0,946.0325589146914,1789.602486708674,80754.17468067037,11008.380545932489,15642.954759594888,0,industrial_fire
29.12459,75.77742,305.13,0.41,0.37,2026-08-04,2044,N,VIIRS,n,2.0NRT,287.28,1.38,N,2026-08-04 20:44:00,0.6,120_2026-08-04,2,205.4188188470734,1554.1168966169914,29892.759771368223,528.1191699472903,6633.437903422334,1,persistent_industrial
30.18674,73.366,330.5,0.33,0.55,2026-08-06,741,N,VIIRS,n,2.0NRT,292.73,2.09,D,2026-08-06 07:41:00,0.6,121_2026-08-06,0,16102.450751768209,23350.458560044175,130691.6886156486,15897.8676437367,24608.26793757267,4,other_unclassified
31.69593,73.21014,339.71,0.38,0.59,2026-08-07,905,N,VIIRS,n,2.0NRT,293.91,2.58,D,2026-08-07 09:05:00,0.6,125_2026-08-07,0,361.7753845824802,289.86593180277026,124709.42067431958,23276.1574557501,23135.847392518124,0,industrial_fire
30.27043,73.32155,330.42,0.38,0.58,2026-08-07,905,N,VIIRS,n,2.0NRT,294.05,4.6,D,2026-08-07 09:05:00,0.6,122_2026-08-07,2,5560.083828577748,12653.313382655484,124903.4270972114,6407.221619724926,33610.25165108109,4,other_unclassified
30.27074,73.32553,352.08,0.38,0.58,2026-08-07,905,N,VIIRS,n,2.0NRT,294.2,8.07,D,2026-08-07 09:05:00,0.6,123_2026-08-07,2,5359.406025835374,12537.896253937988,124596.79014714618,6114.376063619723,33720.828545891905,4,other_unclassified
30.27128,73.32471,367.0,0.38,0.58,2026-08-07,905,N,VIIRS,h,2.0NRT,294.51,8.61,D,2026-08-07 09:05:00,0.9,124_2026-08-07,2,5325.50011355769,12483.670387343076,124598.89057621984,6109.725801996875,33774.375846824085,4,other_unclassified
26.64386,79.47507,295.42,0.47,0.64,2026-08-07,1947,N,VIIRS,n,2.0NRT,265.29,2.77,N,2026-08-07 19:47:00,0.6,126_2026-08-07,13,1748.6746326328353,5204.743166622008,114165.13277221283,9428.094719061462,16140.758402773186,1,persistent_industrial
27.08046,73.81846,306.16,0.44,0.38,2026-08-08,2110,N,VIIRS,n,2.0NRT,291.83,3.01,N,2026-08-08 21:10:00,0.6,129_2026-08-08,0,17523.87591930082,49361.275712213566,21703.49401416676,44400.999555084825,69421.50859758974,4,other_unclassified
26.6441,79.47943,302.9,0.59,0.53,2026-08-08,2110,N,VIIRS,n,2.0NRT,278.84,1.11,N,2026-08-08 21:10:00,0.6,128_2026-08-08,14,1263.83581611201,4718.918036375505,113789.75263163669,9845.30441488248,16597.032348087192,1,persistent_industrial
27.2877,73.83897,306.61,0.44,0.38,2026-08-08,2110,N,VIIRS,n,2.0NRT,291.65,1.52,N,2026-08-08 21:10:00,0.6,130_2026-08-08,1,16780.288521017057,46638.70800460871,34009.06383339946,52155.9645491109,93704.16281139322,4,other_unclassified
27.66929,76.13332,305.1,0.55,0.42,2026-08-08,2110,N,VIIRS,n,2.0NRT,290.4,1.49,N,2026-08-08 21:10:00,0.6,131_2026-08-08,5,515.6716482095501,920.8553484786538,1703.1173031905328,22044.07250706379,14322.401147812148,1,persistent_industrial
26.64085,79.47772,304.21,0.59,0.53,2026-08-08,2110,N,VIIRS,n,2.0NRT,279.24,0.85,N,2026-08-08 21:10:00,0.6,127_2026-08-08,15,1499.592748649293,4965.977541008237,114205.3491458594,9866.870130439229,16534.721915002356,1,persistent_industrial
30.89644,73.2084,331.57,0.39,0.36,2026-08-09,826,N,VIIRS,l,2.0NRT,302.55,4.04,D,2026-08-09 08:26:00,0.3,108_2026-08-09,1,23632.769552922553,11529.430096686328,91892.90225185092,19767.268624011653,22337.325430315777,4,other_unclassified
30.89251,73.20496,330.43,0.39,0.36,2026-08-09,826,N,VIIRS,l,2.0NRT,302.12,3.85,D,2026-08-09 08:26:00,0.3,107_2026-08-09,1,23180.384483565595,11859.009039575069,92363.63703997932,20028.524870341545,22168.21447650603,4,other_unclassified
29.47577,76.85696,307.79,0.39,0.36,2026-08-09,2051,N,VIIRS,n,2.0NRT,287.48,0.61,N,2026-08-09 20:51:00,0.6,111_2026-08-09,3,1250.2846942162255,2325.3290605392976,83498.15604089262,7853.933294661047,15979.52737354239,1,persistent_industrial
28.37205,77.22668,305.23,0.39,0.36,2026-08-09,2051,N,VIIRS,n,2.0NRT,287.46,0.97,N,2026-08-09 20:51:00,0.6,109_2026-08-09,2,781.0238610781075,9960.640369601932,1628.107165010856,6103.3691733244505,1984.0543218349471,1,persistent_industrial
28.74297,76.93353,308.59,0.39,0.36,2026-08-09,2051,N,VIIRS,n,2.0NRT,287.86,0.94,N,2026-08-09 20:51:00,0.6,110_2026-08-09,3,4925.713180983493,4393.465728326506,14962.644393657043,5239.761176621309,16261.11132847154,4,other_unclassified
28.34927,77.25589,306.44,0.55,0.51,2026-08-11,2014,N,VIIRS,n,2.0NRT,289.2,3.29,N,2026-08-11 20:14:00,0.6,112_2026-08-11,0,1514.196516250185,10831.597620249651,5576.6530540174335,9087.41354096962,2766.437038455651,0,industrial_fire
28.6487,77.58789,307.21,0.53,0.5,2026-08-11,2014,N,VIIRS,n,2.0NRT,290.5,5.8,N,2026-08-11 20:14:00,0.6,113_2026-08-11,1,702.789992407715,6331.558278528225,28460.35691832803,851.966032148772,640.9938676677226,0,industrial_fire
28.65111,77.58927,306.15,0.53,0.5,2026-08-11,2014,N,VIIRS,n,2.0NRT,290.38,6.51,N,2026-08-11 20:14:00,0.6,114_2026-08-11,1,599.8083225935244,6571.350596948925,28461.524242001044,968.4870273112856,672.108922382547,0,industrial_fire
30.30019,73.51273,338.0,0.48,0.65,2026-08-12,909,N,VIIRS,n,2.0NRT,290.59,7.14,D,2026-08-12 09:09:00,0.6,115_2026-08-12,0,16536.027377614977,9487.260636108187,109586.53242797898,13448.334841404285,45527.4520335825,4,other_unclassified
26.64153,79.47498,306.13,0.38,0.59,2026-08-12,1953,N,VIIRS,n,2.0NRT,284.86,1.03,N,2026-08-12 19:53:00,0.6,116_2026-08-12,15,1781.4001605193152,5252.2422222096775,114370.25314074788,9559.658241398409,16218.457640373445,1,persistent_industrial
26.64242,79.48309,313.16,0.7,0.75,2026-08-12,2133,N,VIIRS,n,2.0NRT,286.19,2.67,N,2026-08-12 21:33:00,0.6,117_2026-08-12,11,873.140689176211,4343.335175084134,113635.83576091193,10303.300390731094,17047.196297897277,1,persistent_industrial
26.64256,79.48462,310.31,0.7,0.75,2026-08-12,2133,N,VIIRS,n,2.0NRT,286.31,2.46,N,2026-08-12 21:33:00,0.6,118_2026-08-12,10,702.935231585155,4172.473684541157,113499.95315490077,10448.069971633971,17205.44435161106,1,persistent_industrial
31.25882,76.92647,304.8,0.39,0.59,2026-08-12,2133,N,VIIRS,n,2.0NRT,288.82,0.61,N,2026-08-12 21:33:00,0.6,119_2026-08-12,1,879.5704560150564,17022.690172804283,4647.415471536152,19079.29775424062,1983.0116559190944,0,industrial_fire
30.90756,73.21498,330.42,0.43,0.38,2026-08-14,833,N,VIIRS,l,2.0NRT,301.49,3.47,D,2026-08-14 08:33:00,0.3,88_2026-08-14,0,24986.511823759804,11086.818297622243,90917.97759093958,18926.333862765812,23096.425495846794,4,other_unclassified
30.89121,73.19951,330.74,0.43,0.38,2026-08-14,833,N,VIIRS,l,2.0NRT,301.34,2.93,D,2026-08-14 08:33:00,0.3,83_2026-08-14,3,23111.15779323875,12069.27244346876,92991.20224947589,19901.38696315627,22421.426113697245,4,other_unclassified
30.89181,73.20399,331.33,0.43,0.38,2026-08-14,833,N,VIIRS,l,2.0NRT,301.68,2.93,D,2026-08-14 08:33:00,0.3,84_2026-08-14,4,23106.740406753204,11960.010965319629,92486.75318563991,20058.323964076248,22164.821375998352,4,other_unclassified
30.8953,73.20337,330.8,0.43,0.38,2026-08-14,833,N,VIIRS,l,2.0NRT,301.35,2.93,D,2026-08-14 08:33:00,0.3,85_2026-08-14,5,23564.708862100066,11811.72341203835,92470.45321802098,19625.882922842116,22561.81388822464,4,other_unclassified
30.89589,73.20786,331.09,0.43,0.38,2026-08-14,833,N,VIIRS,l,2.0NRT,301.6,4.5,D,2026-08-14 08:33:00,0.3,86_2026-08-14,4,23569.79381386051,11580.480497396533,91965.07011702284,19799.5937570998,22316.575463349534,4,other_unclassified
30.89827,73.22582,331.16,0.43,0.38,2026-08-14,833,N,VIIRS,l,2.0NRT,302.47,3.06,D,2026-08-14 08:33:00,0.3,87_2026-08-14,0,23700.85694269399,9646.512406528283,89943.08889442481,20602.041122717557,21429.27066221944,4,other_unclassified
30.65054,73.60814,331.28,0.44,0.38,2026-08-14,833,N,VIIRS,n,2.0NRT,296.58,2.72,D,2026-08-14 08:33:00,0.6,82_2026-08-14,0,5242.659093266923,1830.9698582253257,66859.17626943326,17025.048326041044,15145.312385980364,0,industrial_fire
29.34646,73.11682,336.71,0.41,0.37,2026-08-14,833,N,VIIRS,n,2.0NRT,294.38,3.83,D,2026-08-14 08:33:00,0.6,81_2026-08-14,0,16609.21974199964,40829.68944891078,116613.49072662096,14884.964400368175,9388.37845431518,4,other_unclassified
30.91165,73.21886,330.83,0.43,0.38,2026-08-14,835,N,VIIRS,l,2.0NRT,301.25,3.47,D,2026-08-14 08:35:00,0.3,89_2026-08-14,1,25479.850163864005,10825.284674131432,90403.70933739308,18737.477347159856,23311.79468712181,4,other_unclassified
31.03194,73.37009,331.52,0.43,0.38,2026-08-14,835,N,VIIRS,n,2.0NRT,301.15,6.75,D,2026-08-14 08:35:00,0.6,90_2026-08-14,0,30290.414422585232,18427.91746286969,72347.70114084671,27610.22250563959,35743.915122061335,4,other_unclassified
26.87868,73.51321,305.24,0.39,0.36,2026-08-14,2057,N,VIIRS,n,2.0NRT,287.87,0.84,N,2026-08-14 20:57:00,0.6,93_2026-08-14,2,5349.037516336578,14073.140424777665,1118.0516309026425,34808.72324713957,35064.68662909548,1,persistent_industrial
26.87478,73.51643,304.98,0.39,0.36,2026-08-14,2057,N,VIIRS,n,2.0NRT,287.95,0.84,N,2026-08-14 20:57:00,0.6,92_2026-08-14,2,4985.355643653995,14192.624560521928,869.2390000601637,34332.9917332603,34584.80943321904,1,persistent_industrial
26.60479,73.68352,306.63,0.38,0.36,2026-08-14,2057,N,VIIRS,n,2.0NRT,290.8,1.07,N,2026-08-14 20:57:00,0.6,91_2026-08-14,1,96.51296434688189,1091.8011331627215,6587.142077996035,16818.850875395052,16246.372692979803,0,industrial_fire
31.61599,74.3751,304.18,0.38,0.43,2026-08-15,2038,N,VIIRS,n,2.0NRT,278.41,0.57,N,2026-08-15 20:38:00,0.6,94_2026-08-15,0,3363.5138086368934,179.1803632563612,80654.28979235028,3677.377810510765,5078.571476520308,0,industrial_fire
31.0305,73.36909,330.39,0.42,0.45,2026-08-16,756,N,VIIRS,l,2.0NRT,302.55,6.02,D,2026-08-16 07:56:00,0.3,98_2026-08-16,1,30219.507945247213,18262.61800339397,72457.23423769102,27466.33736735154,35544.22188188207,4,other_unclassified
30.65555,74.16005,336.41,0.39,0.44,2026-08-16,756,N,VIIRS,n,2.0NRT,296.81,3.35,D,2026-08-16 07:56:00,0.6,97_2026-08-16,0,9520.402961728754,31065.60451819033,50487.58818839848,30880.57138491865,44093.15137303664,4,other_unclassified
30.42686,73.71638,342.02,0.42,0.45,2026-08-16,756,N,VIIRS,n,2.0NRT,296.02,4.55,D,2026-08-16 07:56:00,0.6,96_2026-08-16,0,33058.48452375319,4124.705220815509,84618.6929049104,18594.492101836764,40136.43873957863,4,other_unclassified
30.30352,73.35507,330.83,0.44,0.46,2026-08-16,756,N,VIIRS,n,2.0NRT,297.26,2.95,D,2026-08-16 07:56:00,0.6,95_2026-08-16,0,1706.4958864447628,8271.448215772392,119242.42229985275,833.1281894247273,38519.80186003085,0,industrial_fire
30.53718,73.88202,331.82,0.38,0.59,2026-08-17,735,N,VIIRS,n,2.0NRT,293.37,1.99,D,2026-08-17 07:35:00,0.6,100_2026-08-17,0,20019.56466586702,11548.158287215156,65162.17109079479,14749.83738367565,48111.89778156422,4,other_unclassified
29.80713,73.34641,332.94,0.42,0.61,2026-08-17,735,N,VIIRS,n,2.0NRT,293.62,2.66,D,2026-08-17 07:35:00,0.6,99_2026-08-17,0,27569.81310240289,22942.655761582,118856.09465696463,19205.33397896176,27541.2063567255,4,other_unclassified
30.4691,73.88613,341.11,0.33,0.55,2026-08-18,858,N,VIIRS,n,2.0NRT,292.43,2.81,D,2026-08-18 08:58:00,0.6,101_2026-08-18,2,15784.329276837369,18839.66951881408,73645.65838844607,20060.852335097155,51989.388399137744,4,other_unclassified
30.47086,73.88448,334.87,0.33,0.55,2026-08-18,858,N,VIIRS,n,2.0NRT,292.14,2.56,D,2026-08-18 08:58:00,0.6,102_2026-08-18,2,16050.63570133738,18552.20712574059,73460.54668832396,19770.269323711473,51721.45422687434,4,other_unclassified
30.47113,73.88796,330.45,0.33,0.55,2026-08-18,858,N,VIIRS,n,2.0NRT,291.9,3.08,D,2026-08-18 08:58:00,0.6,103_2026-08-18,2,15722.485790191868,18709.651833720574,73347.82657070505,20022.30812425096,52049.54491674008,4,other_unclassified
27.5312,77.66014,312.08,0.78,0.78,2026-08-18,1942,N,VIIRS,n,2.0NRT,282.5,2.9,N,2026-08-18 19:42:00,0.6,105_2026-08-18,1,231.93908664329217,24491.22680484458,48348.14541183965,6738.61190454468,1646.7455052894877,0,industrial_fire
27.53036,77.65813,311.81,0.78,0.78,2026-08-18,1942,N,VIIRS,n,2.0NRT,282.43,2.76,N,2026-08-18 19:42:00,0.6,104_2026-08-18,1,228.76226655377943,24564.129995073457,48110.698982187,6966.047078898501,1861.244996854078,0,industrial_fire
26.25886,74.09746,302.57,0.44,0.46,2026-08-18,2125,N,VIIRS,n,2.0NRT,284.31,0.44,N,2026-08-18 21:25:00,0.6,106_2026-08-18,0,6135.911054083086,8683.50280740192,4945.421326620593,30461.76560337517,4454.688844750128,3,wildfire
30.43392,73.87374,338.98,0.53,0.42,2026-08-19,839,N,VIIRS,n,2.0NRT,296.91,7.54,D,2026-08-19 08:39:00,0.6,42_2026-08-19,0,15703.87602204103,19119.01068745605,78374.80779162067,22462.049971818586,53076.21352467392,4,other_unclassified
30.63585,73.59945,336.02,0.51,0.41,2026-08-19,839,N,VIIRS,n,2.0NRT,293.37,2.33,D,2026-08-19 08:39:00,0.6,43_2026-08-19,0,7256.471814775745,1625.3741145954482,68908.61245178788,16857.731539617962,14387.89419005396,0,industrial_fire
29.90848,74.94983,333.01,0.39,0.44,2026-08-19,839,N,VIIRS,n,2.0NRT,295.88,3.03,D,2026-08-19 08:39:00,0.6,41_2026-08-19,2,1272.982066771796,2727.553477356786,72626.5426135039,9680.812066524277,11613.51021676324,1,persistent_industrial
31.24975,76.93059,298.28,0.45,0.39,2026-08-19,2101,N,VIIRS,n,2.0NRT,276.07,0.32,N,2026-08-19 21:01:00,0.6,44_2026-08-19,2,389.2041884199539,18288.952044456848,4018.6343893360113,18884.250921011528,1299.0922033213114,1,persistent_industrial
31.25838,76.92349,296.85,0.45,0.39,2026-08-19,2101,N,VIIRS,n,2.0NRT,278.55,0.41,N,2026-08-19 21:01:00,0.6,45_2026-08-19,2,991.844355137132,16970.961551215823,4953.6776063883535,18805.7578435296,1845.871545007359,1,persistent_industrial
26.25635,74.09737,308.4,0.4,0.37,2026-08-19,2104,N,VIIRS,n,2.0NRT,293.69,0.62,N,2026-08-19 21:04:00,0.6,46_2026-08-19,1,6410.495002056115,8959.926351625694,4639.847717192629,30719.055428594937,4300.10325684133,3,wildfire
26.87381,73.5167,308.59,0.39,0.36,2026-08-19,2104,N,VIIRS,n,2.0NRT,293.46,2.95,N,2026-08-19 21:04:00,0.6,47_2026-08-19,4,4961.274969767281,14171.869863506288,910.2795509761404,34213.09705233231,34464.53258743365,1,persistent_industrial
26.87778,73.51348,301.9,0.39,0.36,2026-08-19,2104,N,VIIRS,n,2.0NRT,287.87,1.56,N,2026-08-19 21:04:00,0.6,48_2026-08-19,4,5313.807889168069,14051.034380276378,1087.5273928974952,34697.19279488701,34952.79810124914,1,persistent_industrial
29.12563,75.77744,307.57,0.43,0.38,2026-08-19,2104,N,VIIRS,n,2.0NRT,292.72,2.07,N,2026-08-19 21:04:00,0.6,49_2026-08-19,3,78.4060979184072,1429.5358476318845,30017.654310633618,648.2764734949004,6534.750987522664,1,persistent_industrial
31.14108,73.58968,330.28,0.38,0.36,2026-08-20,820,N,VIIRS,l,2.0NRT,302.73,5.6,D,2026-08-20 08:20:00,0.3,52_2026-08-20,0,27210.890881795596,19178.859524549964,49863.10790320196,23641.58974799864,31409.812393893342,4,other_unclassified
30.40259,73.87827,340.93,0.38,0.36,2026-08-20,820,N,VIIRS,n,2.0NRT,299.56,3.35,D,2026-08-20 08:20:00,0.6,50_2026-08-20,0,15077.360986786289,20788.570913044176,82237.03144212031,26030.519172591394,55769.80337848445,4,other_unclassified
30.43244,73.96255,334.16,0.38,0.36,2026-08-20,820,N,VIIRS,n,2.0NRT,301.78,4.15,D,2026-08-20 08:20:00,0.6,51_2026-08-20,0,6074.441378728195,27565.918503484307,77122.22862310863,29544.861559782737,55801.28177450985,4,other_unclassified
28.27534,77.18294,302.62,0.38,0.36,2026-08-20,2044,N,VIIRS,n,2.0NRT,283.37,0.74,N,2026-08-20 20:44:00,0.6,53_2026-08-20,2,9423.139495224945,15030.93361026867,5434.7826560759,9095.040586284254,3388.2606120289856,3,wildfire
28.77214,76.70122,310.21,0.39,0.36,2026-08-20,2044,N,VIIRS,n,2.0NRT,289.31,2.28,N,2026-08-20 20:44:00,0.6,54_2026-08-20,2,2375.4743079162868,18923.83092007565,36004.37123994814,13118.751069214946,13924.23674271756,4,other_unclassified
29.45876,76.86543,316.16,0.39,0.36,2026-08-20,2044,N,VIIRS,n,2.0NRT,292.37,3.34,N,2026-08-20 20:44:00,0.6,55_2026-08-20,0,741.412291227291,741.412291227291,81173.83050122179,10179.517894955,17071.15380608547,0,industrial_fire
31.2492,76.92705,304.76,0.4,0.37,2026-08-20,2044,N,VIIRS,n,2.0NRT,288.69,0.66,N,2026-08-20 20:44:00,0.6,57_2026-08-20,3,478.193411787228,18230.31851149553,4412.150507695912,18566.803892719912,940.229721387984,1,persistent_industrial
31.25985,76.92484,302.16,0.4,0.37,2026-08-20,2044,N,VIIRS,n,2.0NRT,289.51,0.5,N,2026-08-20 20:44:00,0.6,58_2026-08-20,3,1073.492372616612,16836.829688736383,4858.887158887261,18856.287092592687,2062.868323406868,1,persistent_industrial
29.91072,74.94928,307.57,0.44,0.38,2026-08-20,2044,N,VIIRS,n,2.0NRT,292.31,2.62,N,2026-08-20 20:44:00,0.6,56_2026-08-20,3,1011.8570499719916,2511.7884687449273,72893.31974998502,9446.622855439757,11904.13084470603,1,persistent_industrial
27.79252,75.33192,306.87,0.41,0.37,2026-08-20,2046,N,VIIRS,n,2.0NRT,292.48,0.81,N,2026-08-20 20:46:00,0.6,59_2026-08-20,0,25094.44932066875,39265.86612068339,28086.216372386396,22821.899221198822,25338.967629657203,4,other_unclassified
28.77367,77.56798,309.15,0.53,0.42,2026-08-21,2025,N,VIIRS,n,2.0NRT,283.53,2.57,N,2026-08-21 20:25:00,0.6,60_2026-08-21,1,6119.910874771632,18023.98977935905,23375.99999962025,10633.086356201906,14042.860104117111,4,other_unclassified
29.45699,76.86504,346.56,0.44,0.46,2026-08-22,741,N,VIIRS,n,2.0NRT,298.27,13.33,D,2026-08-22 07:41:00,0.6,61_2026-08-22,4,611.8607965567994,611.8607965567994,80961.48176772136,10389.619949322045,16934.426833187394,1,persistent_industrial
29.46118,76.86392,339.97,0.44,0.46,2026-08-22,741,N,VIIRS,n,2.0NRT,293.77,13.33,D,2026-08-22 07:41:00,0.6,64_2026-08-22,4,769.8061642025593,834.9575952280526,81511.39020023226,9839.612870750376,16920.12010484319,1,persistent_industrial
29.45792,76.8695,330.42,0.44,0.46,2026-08-22,741,N,VIIRS,n,2.0NRT,294.61,14.92,D,2026-08-22 07:41:00,0.6,62_2026-08-22,3,698.577882691464,1122.305661919832,80976.04967452883,10399.043107273808,16900.604956361225,1,persistent_industrial
29.46026,76.85947,330.53,0.44,0.46,2026-08-22,741,N,VIIRS,n,2.0NRT,292.28,13.33,D,2026-08-22 07:41:00,0.6,63_2026-08-22,3,575.3614698285193,575.3614698285193,81501.10044326537,9854.892562191411,17313.128143360263,1,persistent_industrial
31.57732,73.91469,334.27,0.58,0.52,2026-08-22,744,N,VIIRS,n,2.0NRT,294.19,6.0,D,2026-08-22 07:44:00,0.6,65_2026-08-22,0,3560.9070696896974,3556.0317280549807,71605.95548260462,14546.840871817412,11858.574199165423,4,other_unclassified
28.34062,77.22081,299.75,0.35,0.57,2026-08-22,2008,N,VIIRS,n,2.0NRT,275.94,0.35,N,2026-08-22 20:08:00,0.6,66_2026-08-22,0,4259.84096198935,12903.621535364247,5341.771134326243,6205.275349444277,1309.002217611615,3,wildfire
28.66381,77.57708,314.6,0.33,0.56,2026-08-22,2008,N,VIIRS,n,2.0NRT,288.43,1.14,N,2026-08-22 20:08:00,0.6,67_2026-08-22,2,261.60032522289293,8557.05527177302,26547.09284531792,3070.57055877439,2777.7900408232517,1,persistent_industrial
26.25974,74.09682,301.85,0.53,0.67,2026-08-22,2148,N,VIIRS,n,2.0NRT,288.7,0.87,N,2026-08-22 21:48:00,0.6,68_2026-08-22,2,6079.643821536888,8624.991439735528,5036.903286426897,30331.354959889144,4574.529904304147,3,wildfire
29.45837,76.8635,335.25,0.41,0.61,2026-08-23,724,N,VIIRS,n,2.0NRT,289.51,4.4,D,2026-08-23 07:24:00,0.6,69_2026-08-23,5,536.0448028895541,536.0448028895541,81169.83420840185,10179.677744148845,17130.0820987104,1,persistent_industrial
30.39994,73.71344,344.3,0.4,0.6,2026-08-23,905,N,VIIRS,n,2.0NRT,293.14,4.05,D,2026-08-23 09:05:00,0.6,70_2026-08-23,0,31573.482809766272,7087.584368573229,87941.85437475624,22081.555655781456,42550.644250580925,4,other_unclassified
29.45934,76.86684,311.09,0.72,0.76,2026-08-23,1947,N,VIIRS,n,2.0NRT,280.2,3.52,N,2026-08-23 19:47:00,0.6,72_2026-08-23,6,905.93693282219,914.2857312303248,81214.05274000704,10145.910478716203,16919.77478810708,1,persistent_industrial
29.45605,76.86481,326.44,0.73,0.76,2026-08-23,1947,N,VIIRS,n,2.0NRT,279.86,4.86,N,2026-08-23 19:47:00,0.6,71_2026-08-23,6,567.0516634387631,567.0516634387631,80849.2824421545,10500.978444300545,16818.045342902802,1,persistent_industrial
29.45968,76.85906,307.01,0.73,0.76,2026-08-23,1947,N,VIIRS,n,2.0NRT,279.1,2.79,N,2026-08-23 19:47:00,0.6,73_2026-08-23,5,505.96967639227773,505.96967639227773,81438.4770010383,9920.004428030436,17363.846306098334,1,persistent_industrial
31.26044,76.92447,303.03,0.63,0.54,2026-08-23,2127,N,VIIRS,n,2.0NRT,289.55,1.21,N,2026-08-23 21:27:00,0.6,80_2026-08-23,5,1160.6107124784735,16750.836660005345,4920.6193047905335,18784.204482696863,2129.4494410747175,1,persistent_industrial
27.66743,76.13509,303.8,0.34,0.56,2026-08-23,2127,N,VIIRS,n,2.0NRT,288.75,0.76,N,2026-08-23 21:27:00,0.6,74_2026-08-23,4,604.829710988953,879.7157929927646,2002.639643280292,21831.50819196259,14307.496304576,1,persistent_industrial
29.35946,76.95735,305.21,0.35,0.57,2026-08-23,2127,N,VIIRS,n,2.0NRT,288.28,0.77,N,2026-08-23 21:27:00,0.6,75_2026-08-23,0,543.1614915228027,7559.19876169094,67048.69519556662,25875.390739861097,9397.67294422416,0,industrial_fire
29.45706,76.87043,345.96,0.34,0.56,2026-08-23,2127,N,VIIRS,n,2.0NRT,287.56,3.77,N,2026-08-23 21:27:00,0.6,76_2026-08-23,6,609.9573469645794,1202.9410187929957,80847.49656282605,10533.414643176618,16884.776307206503,1,persistent_industrial
29.45788,76.86697,309.22,0.34,0.56,2026-08-23,2127,N,VIIRS,n,2.0NRT,287.34,2.77,N,2026-08-23 21:27:00,0.6,77_2026-08-23,8,722.3939650955964,850.453210891946,81028.39495434673,10330.240294309328,17024.218594353973,1,persistent_industrial
29.45798,76.88937,307.07,0.34,0.56,2026-08-23,2127,N,VIIRS,n,2.0NRT,286.24,1.17,N,2026-08-23 21:27:00,0.6,78_2026-08-23,1,997.4195940578128,1961.9390483763775,80566.00686471236,11202.991391589976,15760.841161267355,0,industrial_fire
31.25972,76.92417,303.56,0.63,0.54,2026-08-23,2127,N,VIIRS,n,2.0NRT,289.44,1.06,N,2026-08-23 21:27:00,0.6,79_2026-08-23,5,1093.5252545190506,16829.036932435723,4925.716837956529,18798.148510111703,2031.0258404015367,1,persistent_industrial
31.99853,78.5369,333.62,0.54,0.68,2026-08-24,705,N,VIIRS,n,2.0NRT,298.58,4.85,D,2026-08-24 07:05:00,0.6,0_2026-08-24,0,32209.791737597447,56192.12360964305,151767.17155695133,9259.96904013453,17877.81465336262,4,other_unclassified
30.4505,74.18115,332.79,0.44,0.46,2026-08-24,845,N,VIIRS,n,2.0NRT,297.29,4.16,D,2026-08-24 08:45:00,0.6,1_2026-08-24,0,9304.255930021898,13245.975851067637,76654.73708723836,47965.009815853075,39942.20993227565,4,other_unclassified
30.63301,73.60488,331.62,0.41,0.45,2026-08-24,845,N,VIIRS,n,2.0NRT,298.88,1.26,D,2026-08-24 08:45:00,0.6,2_2026-08-24,1,7533.8766058010815,1034.553641008893,68771.11122691455,16151.675876383222,15049.57114446524,0,industrial_fire
30.89104,73.20267,332.43,0.39,0.44,2026-08-24,845,N,VIIRS,l,2.0NRT,306.76,9.8,D,2026-08-24 08:45:00,0.3,3_2026-08-24,4,23030.91862312372,12100.15381777553,92649.89624119709,20079.320237213014,22179.963166406207,4,other_unclassified
31.08036,74.34518,332.85,0.46,0.47,2026-08-24,845,N,VIIRS,n,2.0NRT,297.56,2.38,D,2026-08-24 08:45:00,0.6,4_2026-08-24,0,6907.231415568365,5121.183451686936,36650.19969687181,23848.242421026112,16320.112864565766,4,other_unclassified
31.25866,76.92591,304.88,0.52,0.42,2026-08-24,2110,N,VIIRS,n,2.0NRT,290.63,1.06,N,2026-08-24 21:10:00,0.6,8_2026-08-24,6,882.850943408424,17021.993808748244,4702.013560357188,19033.898230402858,1943.9328766607932,1,persistent_industrial
26.25756,74.09525,308.52,0.46,0.39,2026-08-24,2110,N,VIIRS,n,2.0NRT,293.4,1.39,N,2026-08-24 21:10:00,0.6,5_2026-08-24,3,6401.73281669957,8946.887313259234,4737.6722538654485,30466.090914143093,4579.55105276256,3,wildfire
26.87662,73.51538,307.36,0.43,0.38,2026-08-24,2110,N,VIIRS,n,2.0NRT,294.83,1.23,N,2026-08-24 21:10:00,0.6,6_2026-08-24,4,5099.076473242002,14180.54778755134,896.4922339242186,34558.55950925189,34811.76572842337,1,persistent_industrial
29.45879,76.8923,303.48,0.55,0.43,2026-08-24,2110,N,VIIRS,n,2.0NRT,287.77,2.12,N,2026-08-24 21:10:00,0.6,7_2026-08-24,2,714.3311816275586,2171.0115654281653,80611.41602322584,11263.197248618824,15520.556688354967,1,persistent_industrial
30.38699,73.90166,331.03,0.4,0.37,2026-08-25,826,N,VIIRS,l,2.0NRT,303.76,3.83,D,2026-08-25 08:26:00,0.3,11_2026-08-25,0,12876.6612890095,23977.69051020305,83765.2055406349,29169.83934282537,54317.00590119333,4,other_unclassified
30.6344,73.05245,336.05,0.39,0.36,2026-08-25,826,N,VIIRS,n,2.0NRT,303.52,4.64,D,2026-08-25 08:26:00,0.6,14_2026-08-25,0,5076.456092705824,1379.163187554403,119063.20748437506,4524.680758922358,34729.613774524645,0,industrial_fire
30.35581,73.60623,330.28,0.4,0.37,2026-08-25,826,N,VIIRS,l,2.0NRT,301.9,2.79,D,2026-08-25 08:26:00,0.3,10_2026-08-25,0,25883.009145360975,7583.176145443904,98214.87391858526,24019.027336791856,41476.66863459592,4,other_unclassified
30.41115,73.77779,332.39,0.4,0.37,2026-08-25,826,N,VIIRS,n,2.0NRT,303.01,1.7,D,2026-08-25 08:26:00,0.6,12_2026-08-25,0,26187.54392432575,10527.288679671668,84046.24817681103,20763.663778320573,46402.513230765144,4,other_unclassified
30.55025,73.47831,339.44,0.39,0.36,2026-08-25,826,N,VIIRS,n,2.0NRT,308.94,4.79,D,2026-08-25 08:26:00,0.6,13_2026-08-25,0,23481.715439000993,4513.464425877081,86225.66783412169,28566.76357941266,13608.365545424587,4,other_unclassified
30.15438,73.2097,330.18,0.39,0.36,2026-08-25,826,N,VIIRS,l,2.0NRT,305.01,1.61,D,2026-08-25 08:26:00,0.3,9_2026-08-25,0,19589.93073372738,13196.984091642977,144354.45051857896,15417.545017420936,19651.822648899815,4,other_unclassified
31.61505,74.37461,312.1,0.42,0.38,2026-08-25,2051,N,VIIRS,n,2.0NRT,297.17,0.89,N,2026-08-25 20:51:00,0.6,15_2026-08-25,1,3283.5946085798187,82.46917791606552,80663.62332793021,3695.3934958031327,5198.573904960791,0,industrial_fire
30.37163,73.89048,336.49,0.44,0.38,2026-08-26,807,N,VIIRS,n,2.0NRT,302.65,4.25,D,2026-08-26 08:07:00,0.6,16_2026-08-26,1,14670.721464508882,23776.53339350336,85923.12491073586,30127.349476455445,53488.471695034794,4,other_unclassified
31.608,74.33546,330.73,0.41,0.37,2026-08-26,807,N,VIIRS,l,2.0NRT,304.78,3.2,D,2026-08-26 08:07:00,0.3,18_2026-08-26,0,388.3611174281207,154.96416804240698,82484.04412099789,3433.004024901325,3999.172488063603,0,industrial_fire
30.37266,73.89281,332.4,0.44,0.38,2026-08-26,807,N,VIIRS,l,2.0NRT,302.55,4.26,D,2026-08-26 08:07:00,0.3,17_2026-08-26,1,14381.007694440394,23935.962357153297,85748.91681786384,30151.852680081975,53432.73406847974,4,other_unclassified
29.92137,74.95252,298.99,0.42,0.45,2026-08-26,2032,N,VIIRS,n,2.0NRT,282.32,0.96,N,2026-08-26 20:32:00,0.6,19_2026-08-26,0,412.2407151361977,1249.634610673287,74307.08279929002,8062.436642543131,13081.352996930356,0,industrial_fire
30.69802,74.17593,330.82,0.48,0.48,2026-08-27,750,N,VIIRS,l,2.0NRT,300.88,3.07,D,2026-08-27 07:50:00,0.3,21_2026-08-27,0,11526.166366669306,27001.34028492178,45929.88550994015,27044.740041585057,41454.81324550054,4,other_unclassified
30.60386,74.03584,337.14,0.49,0.48,2026-08-27,750,N,VIIRS,n,2.0NRT,298.61,3.14,D,2026-08-27 07:50:00,0.6,20_2026-08-27,0,14327.51873280652,25709.241178361783,54734.48545632174,27005.31048980531,54201.98021777292,4,other_unclassified
29.457,76.86609,334.4,0.61,0.53,2026-08-27,2014,N,VIIRS,n,2.0NRT,289.84,7.66,N,2026-08-27 20:14:00,0.6,22_2026-08-27,9,656.2351641539207,725.7477909839394,80938.485670289,10415.527901527605,16922.635181364527,1,persistent_industrial
29.90909,74.95557,306.55,0.4,0.6,2026-08-27,2014,N,VIIRS,n,2.0NRT,292.96,2.25,N,2026-08-27 20:14:00,0.6,23_2026-08-27,3,1223.631504498342,2409.9044005163646,72848.40432613398,9358.868694462377,11475.067283133174,1,persistent_industrial
29.90971,74.94712,350.51,0.4,0.6,2026-08-27,2014,N,VIIRS,n,2.0NRT,294.75,13.61,N,2026-08-27 20:14:00,0.6,25_2026-08-27,7,1226.818568336529,2754.705316078683,72713.73057546766,9669.233136148112,11871.084528486792,1,persistent_industrial
29.91002,74.94289,346.19,0.4,0.6,2026-08-27,2014,N,VIIRS,n,2.0NRT,292.71,12.52,N,2026-08-27 20:14:00,0.6,26_2026-08-27,5,1475.9802425907044,3024.8088209178454,72650.7816836491,9854.979461996576,12092.11510385931,1,persistent_industrial
29.91033,74.93867,305.44,0.4,0.6,2026-08-27,2014,N,VIIRS,n,2.0NRT,292.26,12.52,N,2026-08-27 20:14:00,0.6,27_2026-08-27,3,1815.2729198944164,3339.383870025702,72591.08491525026,10058.927894628505,12326.818763550884,1,persistent_industrial
29.91498,74.95193,306.17,0.4,0.6,2026-08-27,2014,N,VIIRS,n,2.0NRT,293.0,1.59,N,2026-08-27 20:14:00,0.6,28_2026-08-27,3,411.0882397694889,1892.9904552377511,73492.4705531577,8825.733886512435,12320.23790066088,1,persistent_industrial
29.91529,74.9477,308.09,0.4,0.6,2026-08-27,2014,N,VIIRS,n,2.0NRT,292.96,1.59,N,2026-08-27 20:14:00,0.6,29_2026-08-27,4,626.1404059344102,2166.5870479905716,73427.12455853962,9003.872609070855,12515.372030407352,1,persistent_industrial
29.9094,74.95135,321.57,0.4,0.6,2026-08-27,2014,N,VIIRS,n,2.0NRT,293.15,13.61,N,2026-08-27 20:14:00,0.6,24_2026-08-27,5,1130.6096705239756,2544.3982340322946,72779.69356429455,9503.375459215598,11665.019476203855,1,persistent_industrial
29.91466,74.95614,306.96,0.6,0.7,2026-08-27,2155,N,VIIRS,n,2.0NRT,293.04,15.44,N,2026-08-27 21:55:00,0.6,38_2026-08-27,3,625.9244897722473,1710.6002945100324,73559.03152827134,8671.763582411899,12139.77311841354,1,persistent_industrial
29.90638,74.95924,319.9,0.6,0.7,2026-08-27,2155,N,VIIRS,n,2.0NRT,292.24,19.52,N,2026-08-27 21:55:00,0.6,31_2026-08-27,4,1702.9249728028124,2675.9425215648503,72606.17498906463,9547.972252076255,11022.217103515848,1,persistent_industrial
29.90671,74.9599,317.64,0.6,0.7,2026-08-27,2155,N,VIIRS,n,2.0NRT,292.12,15.44,N,2026-08-27 21:55:00,0.6,32_2026-08-27,3,1700.981965772386,2627.5242986580224,72664.86542129815,9484.855327377596,11042.47006022698,1,persistent_industrial
29.90808,74.95317,367.0,0.6,0.7,2026-08-27,2155,N,VIIRS,h,2.0NRT,294.32,14.38,N,2026-08-27 21:55:00,0.9,33_2026-08-27,9,1299.9317457732448,2617.981540791697,72660.64547282133,9578.975231490078,11437.243966477788,1,persistent_industrial
29.90838,74.95381,367.0,0.6,0.7,2026-08-27,2155,N,VIIRS,h,2.0NRT,294.14,15.44,N,2026-08-27 21:55:00,0.9,34_2026-08-27,8,1269.373779264267,2557.073782818708,72714.47622642535,9516.226130365116,11450.314395487228,1,persistent_industrial
29.90978,74.9471,319.17,0.6,0.7,2026-08-27,2155,N,VIIRS,n,2.0NRT,292.2,14.38,N,2026-08-27 21:55:00,0.6,35_2026-08-27,10,1219.9069314152623,2748.7195292834954,72722.01298484812,9662.203882338095,11880.252548074704,1,persistent_industrial
29.91005,74.94773,319.45,0.6,0.7,2026-08-27,2155,N,VIIRS,n,2.0NRT,292.36,28.69,N,2026-08-27 21:55:00,0.6,36_2026-08-27,11,1157.2970606427664,2679.757876587401,72771.24979294317,9599.804074979398,11886.325929215742,1,persistent_industrial
29.91436,74.95547,310.32,0.6,0.7,2026-08-27,2155,N,VIIRS,n,2.0NRT,292.87,14.38,N,2026-08-27 21:55:00,0.6,37_2026-08-27,4,607.2727002033487,1773.9194111271013,73504.37575083213,8736.21323517314,12124.328020854451,1,persistent_industrial
29.91607,74.94938,305.84,0.6,0.7,2026-08-27,2155,N,VIIRS,n,2.0NRT,292.75,14.38,N,2026-08-27 21:55:00,0.6,39_2026-08-27,4,417.1159705304741,1963.9050586601943,73565.8569999223,8827.621068387003,12545.307077065789,1,persistent_industrial
29.47338,76.864,304.0,0.78,0.78,2026-08-27,2155,N,VIIRS,n,2.0NRT,286.48,2.54,N,2026-08-27 21:55:00,0.6,30_2026-08-27,2,895.3703502416591,1490.3620894076685,83035.89348460267,8330.355167244363,15690.06156430347,1,persistent_industrial
30.47519,76.58662,304.01,0.38,0.59,2026-08-28,2133,N,VIIRS,n,2.0NRT,288.36,0.86,N,2026-08-28 21:33:00,0.6,40_2026-08-28,0,1595.6192256773168,10456.965523597542,40122.1950014641,21561.97699404343,679.2895661177427,0,industrial_fire
