latitude,longitude,bright_ti4,scan,track,acq_date,acq_time,satellite,instrument,confidence,version,bright_ti5,frp,daynight,acq_datetime,confidence_score,event_id,persistence_count_30d,dist_to_industrial_m,dist_to_power_m,dist_to_mining_m,dist_to_cropland_m,dist_to_forest_m,label,label_name,source
29.80445,73.11905,339.27,0.57,0.43,2026-07-20,801,N,VIIRS,n,2.0NRT,296.34,6.03,D,2026-07-20 08:01:00,0.6,194_2026-07-20,0,287285.794833671,431525.10181421693,537277.5506741536,50000.0,50000.0,4,other_unclassified,real
30.04472,73.04025,331.29,0.57,0.43,2026-07-20,801,N,VIIRS,n,2.0NRT,295.98,8.63,D,2026-07-20 08:01:00,0.6,195_2026-07-20,0,283585.1616212049,447777.0544372717,564969.0703542188,50000.0,50000.0,4,other_unclassified,real
30.27229,73.27193,338.49,0.55,0.42,2026-07-20,803,N,VIIRS,n,2.0NRT,298.0,5.05,D,2026-07-20 08:03:00,0.6,196_2026-07-20,0,254290.48565268205,437438.6466074323,585942.966457233,50000.0,50000.0,4,other_unclassified,real
30.06366,73.24711,345.85,0.34,0.56,2026-07-21,741,N,VIIRS,n,2.0NRT,281.72,8.65,D,2026-07-21 07:41:00,0.6,197_2026-07-21,0,264267.2809207633,430112.5165261851,563415.4683274215,50000.0,50000.0,4,other_unclassified,real
30.18739,73.00787,333.98,0.35,0.56,2026-07-21,741,N,VIIRS,n,2.0NRT,283.75,2.13,D,2026-07-21 07:41:00,0.6,198_2026-07-21,0,281320.0324053118,456661.2670273691,581135.5872326982,50000.0,50000.0,4,other_unclassified,real
28.66147,77.57709,305.99,0.33,0.55,2026-07-21,2006,N,VIIRS,n,2.0NRT,286.07,1.06,N,2026-07-21 20:06:00,0.6,199_2026-07-21,1,16107.912026642902,31329.803967004125,524293.1184909736,50000.0,50000.0,0,industrial_fire,real
28.66513,77.57671,306.55,0.33,0.55,2026-07-21,2006,N,VIIRS,n,2.0NRT,286.02,1.8,N,2026-07-21 20:06:00,0.6,200_2026-07-21,1,16074.215437793904,31522.054927009212,524575.871208634,50000.0,50000.0,0,industrial_fire,real
26.63897,79.47527,303.97,0.47,0.64,2026-07-22,1947,N,VIIRS,n,2.0NRT,286.27,1.19,N,2026-07-22 19:47:00,0.6,201_2026-07-22,0,86095.92374737725,298019.73523735517,559796.933007499,50000.0,50000.0,0,industrial_fire,real
26.64495,79.47585,307.95,0.47,0.64,2026-07-22,1947,N,VIIRS,n,2.0NRT,285.9,1.19,N,2026-07-22 19:47:00,0.6,202_2026-07-22,0,86185.13662366732,297593.34328256844,560047.6816485757,50000.0,50000.0,0,industrial_fire,real
28.71034,76.85629,304.36,0.71,0.75,2026-07-22,1949,N,VIIRS,n,2.0NRT,284.31,1.0,N,2026-07-22 19:49:00,0.6,203_2026-07-22,0,54473.68562874526,49503.61191280682,485724.40341468266,50000.0,50000.0,0,industrial_fire,real
27.66928,76.13039,305.95,0.34,0.56,2026-07-22,2127,N,VIIRS,n,2.0NRT,287.36,0.9,N,2026-07-22 21:27:00,0.6,205_2026-07-22,1,142880.72845141668,148466.83606075583,349996.04741147574,50000.0,50000.0,0,industrial_fire,real
27.66849,76.13383,303.92,0.34,0.56,2026-07-22,2127,N,VIIRS,n,2.0NRT,287.24,0.7,N,2026-07-22 21:27:00,0.6,204_2026-07-22,1,142658.66357507044,148260.04505087435,350115.7937671183,50000.0,50000.0,0,industrial_fire,real
28.74357,76.92528,301.6,0.39,0.44,2026-07-23,2110,N,VIIRS,n,2.0NRT,288.53,1.25,N,2026-07-23 21:10:00,0.6,206_2026-07-23,0,48329.29226576062,45623.53018477454,492562.4018567397,50000.0,50000.0,4,other_unclassified,real
28.92535,78.86118,355.41,0.49,0.49,2026-07-23,2110,N,VIIRS,n,2.0NRT,289.9,24.44,N,2026-07-23 21:10:00,0.6,207_2026-07-23,0,144220.97422848566,158412.3218142705,633367.8143242717,50000.0,50000.0,0,industrial_fire,real
26.64354,79.48151,330.2,0.43,0.46,2026-07-24,824,N,VIIRS,n,2.0NRT,291.34,4.01,D,2026-07-24 08:24:00,0.6,208_2026-07-24,2,85601.82679677749,298104.0384549409,560539.0988749316,50000.0,50000.0,0,industrial_fire,real
30.50584,73.81229,336.07,0.4,0.37,2026-07-24,826,N,VIIRS,n,2.0NRT,296.72,2.6,D,2026-07-24 08:26:00,0.6,209_2026-07-24,1,197378.1429535244,404670.67501211754,606302.8727632557,50000.0,50000.0,4,other_unclassified,real
30.50923,73.81166,340.34,0.4,0.37,2026-07-24,826,N,VIIRS,n,2.0NRT,295.96,5.81,D,2026-07-24 08:26:00,0.6,210_2026-07-24,1,197345.8522489172,404923.82279127935,606682.6980108125,50000.0,50000.0,4,other_unclassified,real
30.72807,73.80727,336.54,0.4,0.37,2026-07-24,826,N,VIIRS,n,2.0NRT,294.22,2.71,D,2026-07-24 08:26:00,0.6,211_2026-07-24,1,193370.27457142394,418830.66065952176,631000.5122192121,50000.0,50000.0,2,agricultural_burn,real
30.72849,73.80787,335.4,0.4,0.37,2026-07-24,826,N,VIIRS,n,2.0NRT,293.66,3.5,D,2026-07-24 08:26:00,0.6,212_2026-07-24,1,193307.76705267062,418810.76734109555,631043.8891631851,50000.0,50000.0,2,agricultural_burn,real
30.85359,75.53551,331.38,0.46,0.39,2026-07-24,826,N,VIIRS,n,2.0NRT,294.3,2.44,D,2026-07-24 08:26:00,0.6,213_2026-07-24,1,28134.03115181503,311990.2906228235,657951.468668953,50000.0,50000.0,4,other_unclassified,real
30.85431,75.53709,334.33,0.46,0.39,2026-07-24,826,N,VIIRS,n,2.0NRT,294.86,3.83,D,2026-07-24 08:26:00,0.6,214_2026-07-24,1,27967.458765037885,311973.1754463975,658061.5141837244,50000.0,50000.0,4,other_unclassified,real
31.31094,75.34057,335.03,0.45,0.39,2026-07-24,826,N,VIIRS,n,2.0NRT,295.04,3.18,D,2026-07-24 08:26:00,0.6,215_2026-07-24,1,63029.41222702238,364807.8802994008,704368.5172415029,50000.0,50000.0,0,industrial_fire,real
31.31453,75.33996,337.4,0.45,0.39,2026-07-24,826,N,VIIRS,n,2.0NRT,293.69,3.18,D,2026-07-24 08:26:00,0.6,216_2026-07-24,1,63346.64042583089,365177.68291330914,704752.1994879325,50000.0,50000.0,0,industrial_fire,real
29.12566,75.77786,306.08,0.38,0.36,2026-07-24,2051,N,VIIRS,n,2.0NRT,290.64,2.4,N,2026-07-24 20:51:00,0.6,219_2026-07-24,0,117477.19703881707,164132.24398406706,479315.25026693114,50000.0,50000.0,0,industrial_fire,real
27.37768,77.68481,303.1,0.41,0.37,2026-07-24,2051,N,VIIRS,n,2.0NRT,291.63,2.5,N,2026-07-24 20:51:00,0.6,217_2026-07-24,0,9642.479370205714,131022.61738097134,435610.41680425615,50000.0,50000.0,0,industrial_fire,real
28.77386,77.56726,313.65,0.4,0.37,2026-07-24,2051,N,VIIRS,n,2.0NRT,291.04,2.59,N,2026-07-24 20:51:00,0.6,218_2026-07-24,0,19594.564754379335,38910.995770382644,533166.2699968762,50000.0,50000.0,4,other_unclassified,real
26.87887,73.5134,306.5,0.41,0.37,2026-07-24,2053,N,VIIRS,n,2.0NRT,291.13,3.92,N,2026-07-24 20:53:00,0.6,220_2026-07-24,0,411495.0257363922,415173.09195100487,212174.8950849011,50000.0,50000.0,0,industrial_fire,real
30.98171,76.17087,332.17,0.39,0.36,2026-07-25,807,N,VIIRS,n,2.0NRT,294.87,3.75,D,2026-07-25 08:07:00,0.6,162_2026-07-25,0,34155.91921732365,296156.69849708036,687096.016071656,50000.0,50000.0,2,agricultural_burn,real
26.60645,73.6841,304.8,0.45,0.47,2026-07-25,2032,N,VIIRS,n,2.0NRT,290.12,1.79,N,2026-07-25 20:32:00,0.6,163_2026-07-25,0,405292.42610273213,415090.7871732735,178270.30705106864,50000.0,50000.0,0,industrial_fire,real
26.64172,79.47929,315.69,0.39,0.36,2026-07-25,2032,N,VIIRS,n,2.0NRT,288.74,1.59,N,2026-07-25 20:32:00,0.6,164_2026-07-25,3,85772.33327763328,298088.96929919143,560268.6981563736,50000.0,50000.0,1,persistent_industrial,real
28.72426,76.68844,306.29,0.49,0.4,2026-07-25,2032,N,VIIRS,n,2.0NRT,290.67,2.29,N,2026-07-25 20:32:00,0.6,165_2026-07-25,0,69659.87338083186,65082.01155305542,478084.8099319547,50000.0,50000.0,4,other_unclassified,real
29.57411,74.33419,339.62,0.49,0.48,2026-07-26,748,N,VIIRS,n,2.0NRT,295.38,5.46,D,2026-07-26 07:48:00,0.6,166_2026-07-26,0,206795.74088673928,312444.62103869073,502011.77871117165,50000.0,50000.0,4,other_unclassified,real
29.73132,78.01617,328.71,0.47,0.4,2026-07-26,748,N,VIIRS,l,2.0NRT,296.48,4.25,D,2026-07-26 07:48:00,0.3,167_2026-07-26,0,110291.44968325217,152431.33723714185,643580.1621886175,50000.0,50000.0,4,other_unclassified,real
26.64404,79.47814,306.54,0.39,0.44,2026-07-26,2014,N,VIIRS,n,2.0NRT,286.84,1.44,N,2026-07-26 20:14:00,0.6,168_2026-07-26,4,85940.7448401427,297826.44102825347,560235.3637327492,50000.0,50000.0,1,persistent_industrial,real
26.64647,79.47639,308.87,0.38,0.59,2026-07-27,1953,N,VIIRS,n,2.0NRT,276.5,1.19,N,2026-07-27 19:53:00,0.6,170_2026-07-27,3,86170.60208050051,297512.8914165746,560148.8042907377,50000.0,50000.0,1,persistent_industrial,real
26.64103,79.47578,310.79,0.38,0.59,2026-07-27,1953,N,VIIRS,n,2.0NRT,276.19,1.18,N,2026-07-27 19:53:00,0.6,169_2026-07-27,6,86095.98996804075,297894.67604468757,559912.7025321397,50000.0,50000.0,1,persistent_industrial,real
31.2597,76.92422,307.19,0.42,0.45,2026-07-28,2114,N,VIIRS,n,2.0NRT,287.75,0.77,N,2026-07-28 21:14:00,0.6,172_2026-07-28,0,50343.10156418444,308203.2530740396,740351.8972254326,50000.0,50000.0,0,industrial_fire,real
31.24981,76.92992,302.52,0.42,0.45,2026-07-28,2114,N,VIIRS,n,2.0NRT,287.09,0.71,N,2026-07-28 21:14:00,0.6,171_2026-07-28,0,51130.41270184821,307046.0372232198,739537.6911128624,50000.0,50000.0,0,industrial_fire,real
26.96399,73.29074,335.06,0.4,0.37,2026-07-29,833,N,VIIRS,n,2.0NRT,300.03,3.0,D,2026-07-29 08:33:00,0.6,173_2026-07-29,0,427715.9903034289,431005.12076126446,228709.09533433564,50000.0,50000.0,4,other_unclassified,real
29.69316,73.15125,331.37,0.42,0.38,2026-07-29,833,N,VIIRS,n,2.0NRT,298.65,1.93,D,2026-07-29 08:33:00,0.6,174_2026-07-29,0,290238.9033903209,424787.69661460415,524534.0288889845,50000.0,50000.0,2,agricultural_burn,real
30.04467,73.30842,335.74,0.43,0.38,2026-07-29,833,N,VIIRS,n,2.0NRT,298.11,4.35,D,2026-07-29 08:33:00,0.6,175_2026-07-29,0,259602.3939775221,423854.21358409594,560394.1803867305,50000.0,50000.0,4,other_unclassified,real
30.0622,73.35979,332.51,0.43,0.38,2026-07-29,833,N,VIIRS,n,2.0NRT,297.61,1.68,D,2026-07-29 08:33:00,0.6,176_2026-07-29,1,254288.91630066838,420067.96036644565,561585.8276974695,50000.0,50000.0,4,other_unclassified,real
30.24343,73.34405,340.77,0.43,0.38,2026-07-29,833,N,VIIRS,n,2.0NRT,298.17,8.94,D,2026-07-29 08:33:00,0.6,178_2026-07-29,0,248663.98479101365,429805.29162261594,581747.0890393956,50000.0,50000.0,4,other_unclassified,real
30.29878,73.74285,332.71,0.44,0.39,2026-07-29,833,N,VIIRS,n,2.0NRT,297.54,3.12,D,2026-07-29 08:33:00,0.6,179_2026-07-29,0,210440.3685857801,398618.7039155512,583762.3895839542,50000.0,50000.0,4,other_unclassified,real
30.44261,73.8577,332.93,0.45,0.39,2026-07-29,833,N,VIIRS,n,2.0NRT,299.72,3.29,D,2026-07-29 08:33:00,0.6,180_2026-07-29,0,195014.4389081817,397243.188572769,599044.405637455,50000.0,50000.0,4,other_unclassified,real
30.61484,73.8088,331.98,0.45,0.39,2026-07-29,833,N,VIIRS,n,2.0NRT,296.89,2.88,D,2026-07-29 08:33:00,0.6,181_2026-07-29,0,195128.73335420887,411573.42559954664,618422.1348465509,50000.0,50000.0,4,other_unclassified,real
30.06569,73.35918,336.58,0.43,0.38,2026-07-29,833,N,VIIRS,n,2.0NRT,297.43,2.68,D,2026-07-29 08:33:00,0.6,177_2026-07-29,1,254193.92664661614,420275.5988701826,561978.3068864595,50000.0,50000.0,4,other_unclassified,real
31.25142,76.92837,299.3,0.4,0.37,2026-07-29,2055,N,VIIRS,n,2.0NRT,289.26,1.01,N,2026-07-29 20:55:00,0.6,189_2026-07-29,1,50943.70258822291,307241.5206866369,739647.8326659963,50000.0,50000.0,0,industrial_fire,real
28.77504,76.69907,317.99,0.41,0.37,2026-07-29,2055,N,VIIRS,n,2.0NRT,291.91,0.96,N,2026-07-29 20:55:00,0.6,187_2026-07-29,1,69950.3266906256,66430.2185749556,483420.29178759834,50000.0,50000.0,4,other_unclassified,real
28.77164,76.6983,308.98,0.41,0.37,2026-07-29,2055,N,VIIRS,n,2.0NRT,291.68,0.96,N,2026-07-29 20:55:00,0.6,186_2026-07-29,1,70330.17884165178,66330.35662865765,483059.7712468581,50000.0,50000.0,4,other_unclassified,real
29.47426,76.8594,307.67,0.41,0.37,2026-07-29,2055,N,VIIRS,n,2.0NRT,292.52,1.97,N,2026-07-29 20:55:00,0.6,188_2026-07-29,0,15716.988744054988,115964.07884939914,558320.3990789977,50000.0,50000.0,0,industrial_fire,real
28.66101,77.58128,305.66,0.44,0.39,2026-07-29,2055,N,VIIRS,n,2.0NRT,288.85,1.71,N,2026-07-29 20:55:00,0.6,183_2026-07-29,2,16517.02484997759,31646.208668539657,524523.0200515515,50000.0,50000.0,1,persistent_industrial,real
28.66223,77.57938,305.56,0.44,0.39,2026-07-29,2055,N,VIIRS,n,2.0NRT,289.29,1.72,N,2026-07-29 20:55:00,0.6,184_2026-07-29,3,16331.199925310937,31563.31333264299,524503.5559696159,50000.0,50000.0,1,persistent_industrial,real
28.7445,76.93399,307.14,0.42,0.38,2026-07-29,2055,N,VIIRS,n,2.0NRT,291.78,0.59,N,2026-07-29 20:55:00,0.6,185_2026-07-29,0,47514.809378886675,44990.37170677377,493128.26925397693,50000.0,50000.0,4,other_unclassified,real
28.37241,77.22707,311.97,0.43,0.38,2026-07-29,2055,N,VIIRS,n,2.0NRT,289.99,1.7,N,2026-07-29 20:55:00,0.6,182_2026-07-29,0,9849.746121301801,17027.282503163184,477627.28387935087,50000.0,50000.0,0,industrial_fire,real
27.66858,76.12903,310.74,0.41,0.37,2026-07-29,2057,N,VIIRS,n,2.0NRT,291.86,1.38,N,2026-07-29 20:57:00,0.6,193_2026-07-29,3,143034.8265216306,148619.82674022752,349856.0267794454,50000.0,50000.0,1,persistent_industrial,real
26.64041,79.47852,314.25,0.39,0.44,2026-07-29,2057,N,VIIRS,n,2.0NRT,284.55,2.5,N,2026-07-29 20:57:00,0.6,190_2026-07-29,5,85815.18505617284,298136.84202946094,560152.7382682574,50000.0,50000.0,1,persistent_industrial,real
27.2882,73.83845,306.49,0.38,0.36,2026-07-29,2057,N,VIIRS,n,2.0NRT,292.09,2.22,N,2026-07-29 20:57:00,0.6,191_2026-07-29,0,363922.9046750919,366925.8207557831,249638.5002579704,50000.0,50000.0,4,other_unclassified,real
27.66788,76.13313,305.63,0.41,0.37,2026-07-29,2057,N,VIIRS,n,2.0NRT,291.58,1.03,N,2026-07-29 20:57:00,0.6,192_2026-07-29,3,142754.33639586356,148356.35192946027,350020.82559831924,50000.0,50000.0,1,persistent_industrial,real
28.46732,76.80379,335.67,0.39,0.36,2026-07-30,813,N,VIIRS,n,2.0NRT,299.44,4.16,D,2026-07-30 08:13:00,0.6,132_2026-07-30,0,49966.55158195531,49484.30425130826,460578.70058147446,50000.0,50000.0,0,industrial_fire,real
29.12459,75.77606,308.37,0.46,0.39,2026-07-30,2038,N,VIIRS,n,2.0NRT,291.32,4.7,N,2026-07-30 20:38:00,0.6,144_2026-07-30,1,117674.6338465111,164242.52816421163,479143.95089129586,50000.0,50000.0,0,industrial_fire,real
28.89301,78.85428,322.32,0.39,0.36,2026-07-30,2038,N,VIIRS,n,2.0NRT,285.44,3.89,N,2026-07-30 20:38:00,0.6,143_2026-07-30,0,142894.04587971364,156771.54002818945,630481.6869851982,50000.0,50000.0,4,other_unclassified,real
28.74503,76.92786,314.83,0.42,0.37,2026-07-30,2038,N,VIIRS,n,2.0NRT,290.68,1.73,N,2026-07-30 20:38:00,0.6,142_2026-07-30,2,48112.72073472593,45511.197080380116,492838.5396590516,50000.0,50000.0,4,other_unclassified,real
28.74383,76.93636,306.51,0.42,0.37,2026-07-30,2038,N,VIIRS,n,2.0NRT,290.63,1.62,N,2026-07-30 20:38:00,0.6,141_2026-07-30,1,47273.78072119132,44759.2939536862,493197.8415854866,50000.0,50000.0,4,other_unclassified,real
28.37166,77.22602,310.1,0.41,0.37,2026-07-30,2038,N,VIIRS,n,2.0NRT,288.97,0.97,N,2026-07-30 20:38:00,0.6,140_2026-07-30,1,9981.21252119821,17148.929009405267,477497.23952773557,50000.0,50000.0,0,industrial_fire,real
28.27302,77.18317,298.91,0.41,0.37,2026-07-30,2038,N,VIIRS,n,2.0NRT,281.18,0.61,N,2026-07-30 20:38:00,0.6,136_2026-07-30,1,20641.159363618728,28841.143527955544,466433.9762851439,50000.0,50000.0,3,wildfire,real
28.27749,77.27287,305.6,0.4,0.37,2026-07-30,2038,N,VIIRS,n,2.0NRT,285.64,0.77,N,2026-07-30 20:38:00,0.6,138_2026-07-30,0,16302.490456251398,25860.871948914235,472588.5506899106,50000.0,50000.0,0,industrial_fire,real
28.27642,77.18379,303.49,0.41,0.37,2026-07-30,2038,N,VIIRS,n,2.0NRT,284.41,0.99,N,2026-07-30 20:38:00,0.6,137_2026-07-30,1,20305.45371867641,28473.07122577694,466760.0745443986,50000.0,50000.0,3,wildfire,real
27.66919,76.12913,306.49,0.43,0.38,2026-07-30,2038,N,VIIRS,n,2.0NRT,290.75,2.12,N,2026-07-30 20:38:00,0.6,135_2026-07-30,4,142986.9822065508,148569.34754556432,349917.5023341965,50000.0,50000.0,1,persistent_industrial,real
26.64277,79.47996,322.01,0.39,0.36,2026-07-30,2038,N,VIIRS,n,2.0NRT,287.01,1.9,N,2026-07-30 20:38:00,0.6,134_2026-07-30,8,85733.07980260473,298054.3956481389,560366.6773809033,50000.0,50000.0,1,persistent_industrial,real
26.27181,74.1904,308.1,0.51,0.41,2026-07-30,2038,N,VIIRS,n,2.0NRT,293.24,3.23,N,2026-07-30 20:38:00,0.6,133_2026-07-30,0,368891.6215510938,395653.98833225603,134554.84094043518,50000.0,50000.0,0,industrial_fire,real
28.2934,77.18693,306.11,0.41,0.37,2026-07-30,2038,N,VIIRS,n,2.0NRT,288.3,1.14,N,2026-07-30 20:38:00,0.6,139_2026-07-30,0,18653.365456276017,26639.258115984943,468392.6793067539,50000.0,50000.0,3,wildfire,real
29.47497,76.85839,312.47,0.42,0.38,2026-07-30,2038,N,VIIRS,n,2.0NRT,288.84,1.95,N,2026-07-30 20:38:00,0.6,145_2026-07-30,1,15839.140416401198,116074.14423679968,558341.7412332854,50000.0,50000.0,0,industrial_fire,real
30.29496,73.73587,337.11,0.42,0.45,2026-07-31,756,N,VIIRS,n,2.0NRT,291.97,2.89,D,2026-07-31 07:56:00,0.6,146_2026-07-31,2,211214.5128718247,398998.52080574504,583387.7132764288,50000.0,50000.0,4,other_unclassified,real
30.29584,73.74016,329.9,0.42,0.45,2026-07-31,756,N,VIIRS,n,2.0NRT,291.87,2.89,D,2026-07-31 07:56:00,0.6,147_2026-07-31,2,210793.78987274383,398685.721143901,583455.1100460275,50000.0,50000.0,4,other_unclassified,real
26.64447,79.4797,311.34,0.48,0.4,2026-07-31,2019,N,VIIRS,n,2.0NRT,288.4,1.15,N,2026-07-31 20:19:00,0.6,151_2026-07-31,12,85800.22158085674,297903.30805831583,560397.6125550112,50000.0,50000.0,1,persistent_industrial,real
26.64223,79.48099,310.23,0.48,0.4,2026-07-31,2019,N,VIIRS,n,2.0NRT,288.31,0.87,N,2026-07-31 20:19:00,0.6,149_2026-07-31,10,85619.98269415845,298169.45254305814,560446.8646264974,50000.0,50000.0,1,persistent_industrial,real
26.64285,79.4761,308.56,0.48,0.4,2026-07-31,2019,N,VIIRS,n,2.0NRT,288.04,0.87,N,2026-07-31 20:19:00,0.6,150_2026-07-31,12,86109.24221597129,297775.0609729352,560002.6413304002,50000.0,50000.0,1,persistent_industrial,real
28.83179,78.76865,314.79,0.56,0.43,2026-07-31,2019,N,VIIRS,n,2.0NRT,289.48,7.4,N,2026-07-31 20:19:00,0.6,152_2026-07-31,1,133600.36283280747,146980.92645943325,619725.1718204232,50000.0,50000.0,0,industrial_fire,real
28.83574,78.76926,330.97,0.56,0.43,2026-07-31,2019,N,VIIRS,n,2.0NRT,290.51,7.4,N,2026-07-31 20:19:00,0.6,153_2026-07-31,1,133719.502438775,147144.17708535216,620060.7106180813,50000.0,50000.0,0,industrial_fire,real
29.90904,74.94445,324.08,0.64,0.54,2026-07-31,2019,N,VIIRS,n,2.0NRT,288.36,4.58,N,2026-07-31 20:19:00,0.6,154_2026-07-31,1,140305.13633235803,277284.2157932753,544458.9476546453,50000.0,50000.0,0,industrial_fire,real
29.91071,74.94379,315.7,0.63,0.54,2026-07-31,2019,N,VIIRS,n,2.0NRT,288.45,5.6,N,2026-07-31 20:19:00,0.6,155_2026-07-31,1,140193.89262527856,277439.98892686685,544633.4709697474,50000.0,50000.0,0,industrial_fire,real
26.64078,79.4791,313.2,0.48,0.4,2026-07-31,2019,N,VIIRS,n,2.0NRT,287.89,1.15,N,2026-07-31 20:19:00,0.6,148_2026-07-31,10,85767.88900269145,298148.9518419741,560219.928197786,50000.0,50000.0,1,persistent_industrial,real
31.67013,73.18804,333.96,0.58,0.7,2026-08-01,915,N,VIIRS,n,2.0NRT,287.46,4.43,D,2026-08-01 09:15:00,0.6,156_2026-08-01,1,263613.83773200825,529769.9644221878,740931.5103464376,50000.0,50000.0,0,industrial_fire,real
31.67132,73.1893,333.79,0.58,0.7,2026-08-01,915,N,VIIRS,n,2.0NRT,287.22,4.88,D,2026-08-01 09:15:00,0.6,157_2026-08-01,1,263540.688636761,529765.3381956234,741046.8523053586,50000.0,50000.0,0,industrial_fire,real
31.01247,76.57536,295.38,0.5,0.66,2026-08-01,2000,N,VIIRS,n,2.0NRT,285.26,4.85,N,2026-08-01 20:00:00,0.6,158_2026-08-01,0,42000.13766584635,287321.1620722007,702712.0131878696,50000.0,50000.0,2,agricultural_burn,real
30.26365,73.24959,334.22,0.6,0.53,2026-08-02,858,N,VIIRS,n,2.0NRT,292.0,5.36,D,2026-08-02 08:58:00,0.6,159_2026-08-02,0,256623.77023127594,438960.90492808697,585326.9068491895,50000.0,50000.0,4,other_unclassified,real
29.47635,76.85744,313.34,0.56,0.51,2026-08-02,2123,N,VIIRS,n,2.0NRT,288.79,4.23,N,2026-08-02 21:23:00,0.6,161_2026-08-02,2,16016.857931086832,116250.98792157492,558431.022131099,50000.0,50000.0,1,persistent_industrial,real
29.45936,76.88863,301.32,0.56,0.51,2026-08-02,2123,N,VIIRS,n,2.0NRT,281.04,1.68,N,2026-08-02 21:23:00,0.6,160_2026-08-02,0,12741.756176945672,113378.29782407096,558261.7527401788,50000.0,50000.0,0,industrial_fire,real
29.12459,75.77742,305.13,0.41,0.37,2026-08-04,2044,N,VIIRS,n,2.0NRT,287.28,1.38,N,2026-08-04 20:44:00,0.6,120_2026-08-04,2,117546.05068423132,164122.13890218147,479188.82830647315,50000.0,50000.0,1,persistent_industrial,real
30.18674,73.366,330.5,0.33,0.55,2026-08-06,741,N,VIIRS,n,2.0NRT,292.73,2.09,D,2026-08-06 07:41:00,0.6,121_2026-08-06,0,248721.658276342,425198.01181791874,575209.4029587114,50000.0,50000.0,4,other_unclassified,real
31.69593,73.21014,339.71,0.38,0.59,2026-08-07,905,N,VIIRS,n,2.0NRT,293.91,2.58,D,2026-08-07 09:05:00,0.6,125_2026-08-07,0,262519.284452827,530056.6835409896,743501.752913691,50000.0,50000.0,0,industrial_fire,real
30.27043,73.32155,330.42,0.38,0.58,2026-08-07,905,N,VIIRS,n,2.0NRT,294.05,4.6,D,2026-08-07 09:05:00,0.6,122_2026-08-07,2,249801.49584297105,433057.7316256902,585028.1512810375,50000.0,50000.0,4,other_unclassified,real
30.27074,73.32553,352.08,0.38,0.58,2026-08-07,905,N,VIIRS,n,2.0NRT,294.2,8.07,D,2026-08-07 09:05:00,0.6,123_2026-08-07,2,249426.5307962357,432729.0629945062,585007.0063919362,50000.0,50000.0,4,other_unclassified,real
30.27128,73.32471,367.0,0.38,0.58,2026-08-07,905,N,VIIRS,h,2.0NRT,294.51,8.61,D,2026-08-07 09:05:00,0.9,124_2026-08-07,2,249483.65219429857,432826.1438406967,585077.7852276171,50000.0,50000.0,4,other_unclassified,real
26.64386,79.47507,295.42,0.47,0.64,2026-08-07,1947,N,VIIRS,n,2.0NRT,265.29,2.77,N,2026-08-07 19:47:00,0.6,126_2026-08-07,13,86233.8537080833,297623.30923675094,559937.8852916413,50000.0,50000.0,1,persistent_industrial,real
27.08046,73.81846,306.16,0.44,0.38,2026-08-08,2110,N,VIIRS,n,2.0NRT,291.83,3.01,N,2026-08-08 21:10:00,0.6,129_2026-08-08,0,374641.8010575059,378153.53844041406,227049.80347684663,50000.0,50000.0,4,other_unclassified,real
26.6441,79.47943,302.9,0.59,0.53,2026-08-08,2110,N,VIIRS,n,2.0NRT,278.84,1.11,N,2026-08-08 21:10:00,0.6,128_2026-08-08,15,85817.22232560256,297913.0668698418,560359.8539994545,50000.0,50000.0,1,persistent_industrial,real
27.2877,73.83897,306.61,0.44,0.38,2026-08-08,2110,N,VIIRS,n,2.0NRT,291.65,1.52,N,2026-08-08 21:10:00,0.6,130_2026-08-08,1,363894.9064767183,366899.62677118834,249576.67263539377,50000.0,50000.0,4,other_unclassified,real
27.66929,76.13332,305.1,0.55,0.42,2026-08-08,2110,N,VIIRS,n,2.0NRT,290.4,1.49,N,2026-08-08 21:10:00,0.6,131_2026-08-08,5,142646.81070321755,148242.60593971156,350160.55251462973,50000.0,50000.0,1,persistent_industrial,real
26.64085,79.47772,304.21,0.59,0.53,2026-08-08,2110,N,VIIRS,n,2.0NRT,279.24,0.85,N,2026-08-08 21:10:00,0.6,127_2026-08-08,14,85903.44344022461,298045.8914746471,560091.113739069,50000.0,50000.0,1,persistent_industrial,real
30.89644,73.2084,331.57,0.39,0.36,2026-08-09,826,N,VIIRS,l,2.0NRT,302.55,4.04,D,2026-08-09 08:26:00,0.3,108_2026-08-09,1,249165.87091878944,476715.6871730864,655472.6921444837,50000.0,50000.0,4,other_unclassified,real
30.89251,73.20496,330.43,0.39,0.36,2026-08-09,826,N,VIIRS,l,2.0NRT,302.12,3.85,D,2026-08-09 08:26:00,0.3,107_2026-08-09,1,249504.11339188225,476754.9839509891,655088.7331500361,50000.0,50000.0,4,other_unclassified,real
29.47577,76.85696,307.79,0.39,0.36,2026-08-09,2051,N,VIIRS,n,2.0NRT,287.48,0.61,N,2026-08-09 20:51:00,0.6,111_2026-08-09,3,15994.12897236538,116208.91628136503,558352.0693357124,50000.0,50000.0,1,persistent_industrial,real
28.37205,77.22668,305.23,0.39,0.36,2026-08-09,2051,N,VIIRS,n,2.0NRT,287.46,0.97,N,2026-08-09 20:51:00,0.6,109_2026-08-09,2,9903.448230873177,17080.461450297717,477572.075133305,50000.0,50000.0,1,persistent_industrial,real
28.74297,76.93353,308.59,0.39,0.36,2026-08-09,2051,N,VIIRS,n,2.0NRT,287.86,0.94,N,2026-08-09 20:51:00,0.6,110_2026-08-09,3,47526.642855435035,44927.87533621401,492962.6742501168,50000.0,50000.0,4,other_unclassified,real
28.34927,77.25589,306.44,0.55,0.51,2026-08-11,2014,N,VIIRS,n,2.0NRT,289.2,3.29,N,2026-08-11 20:14:00,0.6,112_2026-08-11,0,9590.883179915674,18370.81575593026,477503.9830646177,50000.0,50000.0,0,industrial_fire,real
28.6487,77.58789,307.21,0.53,0.5,2026-08-11,2014,N,VIIRS,n,2.0NRT,290.5,5.8,N,2026-08-11 20:14:00,0.6,113_2026-08-11,1,17226.203325170463,31491.684658840593,523916.6462348837,50000.0,50000.0,0,industrial_fire,real
28.65111,77.58927,306.15,0.53,0.5,2026-08-11,2014,N,VIIRS,n,2.0NRT,290.38,6.51,N,2026-08-11 20:14:00,0.6,114_2026-08-11,1,17339.393534196704,31741.924399991345,524206.9526032124,50000.0,50000.0,0,industrial_fire,real
30.30019,73.51273,338.0,0.48,0.65,2026-08-12,909,N,VIIRS,n,2.0NRT,290.59,7.14,D,2026-08-12 09:09:00,0.6,115_2026-08-12,0,231306.28051062638,418146.8430157153,585953.9140341552,50000.0,50000.0,4,other_unclassified,real
26.64153,79.47498,306.13,0.38,0.59,2026-08-12,1953,N,VIIRS,n,2.0NRT,284.86,1.03,N,2026-08-12 19:53:00,0.6,116_2026-08-12,16,86185.70484026926,297799.0446360466,559853.0609132762,50000.0,50000.0,1,persistent_industrial,real
26.64242,79.48309,313.16,0.7,0.75,2026-08-12,2133,N,VIIRS,n,2.0NRT,286.19,2.67,N,2026-08-12 21:33:00,0.6,117_2026-08-12,14,85421.08739452729,298303.31093217747,560652.5706307143,50000.0,50000.0,1,persistent_industrial,real
26.64256,79.48462,310.31,0.7,0.75,2026-08-12,2133,N,VIIRS,n,2.0NRT,286.31,2.46,N,2026-08-12 21:33:00,0.6,118_2026-08-12,10,85276.25048132775,298400.76697282435,560802.4956045006,50000.0,50000.0,1,persistent_industrial,real
31.25882,76.92647,304.8,0.39,0.59,2026-08-12,2133,N,VIIRS,n,2.0NRT,288.82,0.61,N,2026-08-12 21:33:00,0.6,119_2026-08-12,1,50573.67978952553,308080.16423231544,740341.8081456433,50000.0,50000.0,0,industrial_fire,real
30.90756,73.21498,330.42,0.43,0.38,2026-08-14,833,N,VIIRS,l,2.0NRT,301.49,3.47,D,2026-08-14 08:33:00,0.3,88_2026-08-14,0,248513.79222852032,476860.3426248379,656604.1423424435,50000.0,50000.0,4,other_unclassified,real
30.89121,73.19951,330.74,0.43,0.38,2026-08-14,833,N,VIIRS,l,2.0NRT,301.34,2.93,D,2026-08-14 08:33:00,0.3,83_2026-08-14,5,250027.50910058152,477114.30943779385,655022.6477631517,50000.0,50000.0,4,other_unclassified,real
30.89181,73.20399,331.33,0.43,0.38,2026-08-14,833,N,VIIRS,l,2.0NRT,301.68,2.93,D,2026-08-14 08:33:00,0.3,84_2026-08-14,5,249598.5219629149,476790.7268462863,655025.3991064194,50000.0,50000.0,4,other_unclassified,real
30.8953,73.20337,330.8,0.43,0.38,2026-08-14,833,N,VIIRS,l,2.0NRT,301.35,2.93,D,2026-08-14 08:33:00,0.3,85_2026-08-14,5,249648.5438882589,477050.4567568733,655417.9508601392,50000.0,50000.0,4,other_unclassified,real
30.89589,73.20786,331.09,0.43,0.38,2026-08-14,833,N,VIIRS,l,2.0NRT,301.6,4.5,D,2026-08-14 08:33:00,0.3,86_2026-08-14,5,249218.74918224936,476725.844911754,655419.763667811,50000.0,50000.0,4,other_unclassified,real
30.89827,73.22582,331.16,0.43,0.38,2026-08-14,833,N,VIIRS,l,2.0NRT,302.47,3.06,D,2026-08-14 08:33:00,0.3,87_2026-08-14,0,247499.69808101756,475430.4770401705,655432.2496704662,50000.0,50000.0,4,other_unclassified,real
30.65054,73.60814,331.28,0.44,0.38,2026-08-14,833,N,VIIRS,n,2.0NRT,296.58,2.72,D,2026-08-14 08:33:00,0.6,82_2026-08-14,0,213401.5780448418,429803.00563111645,623794.7772240062,50000.0,50000.0,0,industrial_fire,real
29.34646,73.11682,336.71,0.41,0.37,2026-08-14,833,N,VIIRS,n,2.0NRT,294.38,3.83,D,2026-08-14 08:33:00,0.6,81_2026-08-14,0,313339.6019830695,418384.54250508733,487484.9683589747,50000.0,50000.0,4,other_unclassified,real
30.91165,73.21886,330.83,0.43,0.38,2026-08-14,835,N,VIIRS,l,2.0NRT,301.25,3.47,D,2026-08-14 08:35:00,0.3,89_2026-08-14,1,248136.25398371648,476797.85930799844,657000.3682525593,50000.0,50000.0,4,other_unclassified,real
31.03194,73.37009,331.52,0.43,0.38,2026-08-14,835,N,VIIRS,n,2.0NRT,301.15,6.75,D,2026-08-14 08:35:00,0.6,90_2026-08-14,0,233892.89687892343,472408.8260705413,668353.0921764512,50000.0,50000.0,4,other_unclassified,real
26.87868,73.51321,305.24,0.39,0.36,2026-08-14,2057,N,VIIRS,n,2.0NRT,287.87,0.84,N,2026-08-14 20:57:00,0.6,93_2026-08-14,2,411521.12662234355,415199.4274363121,212160.59965465646,50000.0,50000.0,1,persistent_industrial,real
26.87478,73.51643,304.98,0.39,0.36,2026-08-14,2057,N,VIIRS,n,2.0NRT,287.95,0.84,N,2026-08-14 20:57:00,0.6,92_2026-08-14,2,411419.73911970726,415109.6839678265,211649.712531914,50000.0,50000.0,1,persistent_industrial,real
26.60479,73.68352,306.63,0.38,0.36,2026-08-14,2057,N,VIIRS,n,2.0NRT,290.8,1.07,N,2026-08-14 20:57:00,0.6,91_2026-08-14,1,405394.4275248516,415236.30538147414,178108.18542957914,50000.0,50000.0,0,industrial_fire,real
31.61599,74.3751,304.18,0.38,0.43,2026-08-15,2038,N,VIIRS,n,2.0NRT,278.41,0.57,N,2026-08-15 20:38:00,0.6,94_2026-08-15,0,157631.57280303093,446159.7411159543,729068.190763703,50000.0,50000.0,0,industrial_fire,real
31.0305,73.36909,330.39,0.42,0.45,2026-08-16,756,N,VIIRS,l,2.0NRT,302.55,6.02,D,2026-08-16 07:56:00,0.3,98_2026-08-16,1,233981.3919110353,472393.6118950217,668205.5222965954,50000.0,50000.0,4,other_unclassified,real
30.65555,74.16005,336.41,0.39,0.44,2026-08-16,756,N,VIIRS,n,2.0NRT,296.81,3.35,D,2026-08-16 07:56:00,0.6,97_2026-08-16,0,161267.10044596,386861.7474516073,621974.4114316329,50000.0,50000.0,4,other_unclassified,real
30.42686,73.71638,342.02,0.42,0.45,2026-08-16,756,N,VIIRS,n,2.0NRT,296.02,4.55,D,2026-08-16 07:56:00,0.6,96_2026-08-16,0,208519.91014820136,407913.20156314305,598152.814895171,50000.0,50000.0,4,other_unclassified,real
30.30352,73.35507,330.83,0.44,0.46,2026-08-16,756,N,VIIRS,n,2.0NRT,297.26,2.95,D,2026-08-16 07:56:00,0.6,95_2026-08-16,0,245641.7567199737,431797.29055806185,588214.6532487543,50000.0,50000.0,0,industrial_fire,real
30.53718,73.88202,331.82,0.38,0.59,2026-08-17,735,N,VIIRS,n,2.0NRT,293.37,1.99,D,2026-08-17 07:35:00,0.6,100_2026-08-17,0,190062.85672317282,400955.9474540579,609433.9092025391,50000.0,50000.0,4,other_unclassified,real
29.80713,73.34641,332.94,0.42,0.61,2026-08-17,735,N,VIIRS,n,2.0NRT,293.62,2.66,D,2026-08-17 07:35:00,0.6,99_2026-08-17,0,267636.9210972946,410885.5914516093,533732.151903539,50000.0,50000.0,4,other_unclassified,real
30.4691,73.88613,341.11,0.33,0.55,2026-08-18,858,N,VIIRS,n,2.0NRT,292.43,2.81,D,2026-08-18 08:58:00,0.6,101_2026-08-18,2,191583.74641907748,396508.0715738501,601853.6461872315,50000.0,50000.0,4,other_unclassified,real
30.47086,73.88448,334.87,0.33,0.55,2026-08-18,858,N,VIIRS,n,2.0NRT,292.14,2.56,D,2026-08-18 08:58:00,0.6,102_2026-08-18,2,191683.3095184777,396746.6115022229,602056.4711630497,50000.0,50000.0,4,other_unclassified,real
30.47113,73.88796,330.45,0.33,0.55,2026-08-18,858,N,VIIRS,n,2.0NRT,291.9,3.08,D,2026-08-18 08:58:00,0.6,103_2026-08-18,2,191354.01083363945,396481.587181147,602071.0510920594,50000.0,50000.0,4,other_unclassified,real
27.5312,77.66014,312.08,0.78,0.78,2026-08-18,1942,N,VIIRS,n,2.0NRT,282.5,2.9,N,2026-08-18 19:42:00,0.6,105_2026-08-18,1,7696.8756663075965,113982.69922928384,443791.80636688997,50000.0,50000.0,0,industrial_fire,real
27.53036,77.65813,311.81,0.78,0.78,2026-08-18,1942,N,VIIRS,n,2.0NRT,282.43,2.76,N,2026-08-18 19:42:00,0.6,104_2026-08-18,1,7610.863502548216,114012.11771698434,443577.65371420945,50000.0,50000.0,0,industrial_fire,real
26.25886,74.09746,302.57,0.44,0.46,2026-08-18,2125,N,VIIRS,n,2.0NRT,284.31,0.44,N,2026-08-18 21:25:00,0.6,106_2026-08-18,0,378036.1647115197,403735.9503916867,133241.86808935323,50000.0,50000.0,3,wildfire,real
30.43392,73.87374,338.98,0.53,0.42,2026-08-19,839,N,VIIRS,n,2.0NRT,296.91,7.54,D,2026-08-19 08:39:00,0.6,42_2026-08-19,0,193814.23349706933,395427.05926780845,598002.5415618136,50000.0,50000.0,4,other_unclassified,real
30.63585,73.59945,336.02,0.51,0.41,2026-08-19,839,N,VIIRS,n,2.0NRT,293.37,2.33,D,2026-08-19 08:39:00,0.6,43_2026-08-19,0,214474.01370183224,429622.9901578025,622243.1564314406,50000.0,50000.0,0,industrial_fire,real
29.90848,74.94983,333.01,0.39,0.44,2026-08-19,839,N,VIIRS,n,2.0NRT,295.88,3.03,D,2026-08-19 08:39:00,0.6,41_2026-08-19,1,140047.1939966382,276817.94461956643,544472.7505133277,50000.0,50000.0,1,persistent_industrial,real
31.24975,76.93059,298.28,0.45,0.39,2026-08-19,2101,N,VIIRS,n,2.0NRT,276.07,0.32,N,2026-08-19 21:01:00,0.6,44_2026-08-19,2,51193.7864645181,307031.7544025125,739555.572319491,50000.0,50000.0,1,persistent_industrial,real
31.25838,76.92349,296.85,0.45,0.39,2026-08-19,2101,N,VIIRS,n,2.0NRT,278.55,0.41,N,2026-08-19 21:01:00,0.6,45_2026-08-19,2,50309.293703431555,308066.02559222555,740189.7955509172,50000.0,50000.0,1,persistent_industrial,real
26.25635,74.09737,308.4,0.4,0.37,2026-08-19,2104,N,VIIRS,n,2.0NRT,293.69,0.62,N,2026-08-19 21:04:00,0.6,46_2026-08-19,1,378146.996084271,403918.62808511563,132963.54110198418,50000.0,50000.0,3,wildfire,real
26.87381,73.5167,308.59,0.39,0.36,2026-08-19,2104,N,VIIRS,n,2.0NRT,293.46,2.95,N,2026-08-19 21:04:00,0.6,47_2026-08-19,2,411442.12148360215,415134.45170519565,211538.84289698373,50000.0,50000.0,1,persistent_industrial,real
26.87778,73.51348,301.9,0.39,0.36,2026-08-19,2104,N,VIIRS,n,2.0NRT,287.87,1.56,N,2026-08-19 21:04:00,0.6,48_2026-08-19,4,411540.0221669479,415220.5561630172,212057.14170235634,50000.0,50000.0,1,persistent_industrial,real
29.12563,75.77744,307.57,0.43,0.38,2026-08-19,2104,N,VIIRS,n,2.0NRT,292.72,2.07,N,2026-08-19 21:04:00,0.6,49_2026-08-19,3,117517.67614974565,164168.0317729354,479298.2500985139,50000.0,50000.0,1,persistent_industrial,real
31.14108,73.58968,330.28,0.38,0.36,2026-08-20,820,N,VIIRS,l,2.0NRT,302.73,5.6,D,2026-08-20 08:20:00,0.3,52_2026-08-20,0,213922.93872465446,462958.2973447275,678285.8119295165,50000.0,50000.0,4,other_unclassified,real
30.40259,73.87827,340.93,0.38,0.36,2026-08-20,820,N,VIIRS,n,2.0NRT,299.56,3.35,D,2026-08-20 08:20:00,0.6,50_2026-08-20,0,194429.26296595155,393225.1478132281,594501.8677762332,50000.0,50000.0,4,other_unclassified,real
30.43244,73.96255,334.16,0.38,0.36,2026-08-20,820,N,VIIRS,n,2.0NRT,301.78,4.15,D,2026-08-20 08:20:00,0.6,51_2026-08-20,0,185722.638165442,388140.2064254704,597487.7219910168,50000.0,50000.0,4,other_unclassified,real
28.27534,77.18294,302.62,0.38,0.36,2026-08-20,2044,N,VIIRS,n,2.0NRT,283.37,0.74,N,2026-08-20 20:44:00,0.6,53_2026-08-20,2,20451.31486433266,28617.19618135892,466614.7563805203,50000.0,50000.0,3,wildfire,real
28.77214,76.70122,310.21,0.39,0.36,2026-08-20,2044,N,VIIRS,n,2.0NRT,289.31,2.28,N,2026-08-20 20:44:00,0.6,54_2026-08-20,2,70176.84335878851,66099.41485148075,483257.605646582,50000.0,50000.0,4,other_unclassified,real
29.45876,76.86543,316.16,0.39,0.36,2026-08-20,2044,N,VIIRS,n,2.0NRT,292.37,3.34,N,2026-08-20 20:44:00,0.6,55_2026-08-20,0,14005.842312714141,114147.82022549467,557101.154335332,50000.0,50000.0,0,industrial_fire,real
31.2492,76.92705,304.76,0.4,0.37,2026-08-20,2044,N,VIIRS,n,2.0NRT,288.69,0.66,N,2026-08-20 20:44:00,0.6,57_2026-08-20,3,50882.863413596315,307011.6704729807,739371.8777865657,50000.0,50000.0,1,persistent_industrial,real
31.25985,76.92484,302.16,0.4,0.37,2026-08-20,2044,N,VIIRS,n,2.0NRT,289.51,0.5,N,2026-08-20 20:44:00,0.6,58_2026-08-20,3,50396.68031418494,308212.6411703494,740389.5391175824,50000.0,50000.0,1,persistent_industrial,real
29.91072,74.94928,307.57,0.44,0.38,2026-08-20,2044,N,VIIRS,n,2.0NRT,292.31,2.62,N,2026-08-20 20:44:00,0.6,56_2026-08-20,3,139878.1398596047,277000.1522876184,544711.4331328942,50000.0,50000.0,1,persistent_industrial,real
27.79252,75.33192,306.87,0.41,0.37,2026-08-20,2046,N,VIIRS,n,2.0NRT,292.48,0.81,N,2026-08-20 20:46:00,0.6,59_2026-08-20,0,206360.18040402172,209433.70298115863,325194.6720644254,50000.0,50000.0,4,other_unclassified,real
28.77367,77.56798,309.15,0.53,0.42,2026-08-21,2025,N,VIIRS,n,2.0NRT,283.53,2.57,N,2026-08-21 20:25:00,0.6,60_2026-08-21,1,19635.51151200251,38940.7050471737,533195.2776424934,50000.0,50000.0,4,other_unclassified,real
29.45699,76.86504,346.56,0.44,0.46,2026-08-22,741,N,VIIRS,n,2.0NRT,298.27,13.33,D,2026-08-22 07:41:00,0.6,61_2026-08-22,3,13879.752200423518,113980.03587162834,556911.0316878035,50000.0,50000.0,1,persistent_industrial,real
29.46118,76.86392,339.97,0.44,0.46,2026-08-22,741,N,VIIRS,n,2.0NRT,293.77,13.33,D,2026-08-22 07:41:00,0.6,64_2026-08-22,3,14306.255108366824,114452.24461241925,557264.3825990298,50000.0,50000.0,1,persistent_industrial,real
29.45792,76.8695,330.42,0.44,0.46,2026-08-22,741,N,VIIRS,n,2.0NRT,294.61,14.92,D,2026-08-22 07:41:00,0.6,62_2026-08-22,2,13683.872938613182,113912.56852053272,557212.6177104186,50000.0,50000.0,1,persistent_industrial,real
29.46026,76.85947,330.53,0.44,0.46,2026-08-22,741,N,VIIRS,n,2.0NRT,292.28,13.33,D,2026-08-22 07:41:00,0.6,63_2026-08-22,2,14507.437879788386,114521.77604950368,556964.6407112578,50000.0,50000.0,1,persistent_industrial,real
31.57732,73.91469,334.27,0.58,0.52,2026-08-22,744,N,VIIRS,n,2.0NRT,294.19,6.0,D,2026-08-22 07:44:00,0.6,65_2026-08-22,0,195312.3068641022,472342.18646162073,724874.0635434348,50000.0,50000.0,4,other_unclassified,real
28.34062,77.22081,299.75,0.35,0.57,2026-08-22,2008,N,VIIRS,n,2.0NRT,275.94,0.35,N,2026-08-22 20:08:00,0.6,66_2026-08-22,0,12549.786557459083,20471.86440292084,474538.32142700494,50000.0,50000.0,3,wildfire,real
28.66381,77.57708,314.6,0.33,0.56,2026-08-22,2008,N,VIIRS,n,2.0NRT,288.43,1.14,N,2026-08-22 20:08:00,0.6,67_2026-08-22,2,16107.906133471122,31471.227550374762,524488.78978983,50000.0,50000.0,1,persistent_industrial,real
26.25974,74.09682,301.85,0.53,0.67,2026-08-22,2148,N,VIIRS,n,2.0NRT,288.7,0.87,N,2026-08-22 21:48:00,0.6,68_2026-08-22,2,378059.65248212504,403723.9821447341,133342.73028111705,50000.0,50000.0,3,wildfire,real
29.45837,76.8635,335.25,0.41,0.61,2026-08-23,724,N,VIIRS,n,2.0NRT,289.51,4.4,D,2026-08-23 07:24:00,0.6,69_2026-08-23,5,14093.269702020203,114178.64026577878,556971.9337419518,50000.0,50000.0,1,persistent_industrial,real
30.39994,73.71344,344.3,0.4,0.6,2026-08-23,905,N,VIIRS,n,2.0NRT,293.14,4.05,D,2026-08-23 09:05:00,0.6,70_2026-08-23,0,209624.07682421088,406639.25107870344,595189.3199148662,50000.0,50000.0,4,other_unclassified,real
29.45934,76.86684,311.09,0.72,0.76,2026-08-23,1947,N,VIIRS,n,2.0NRT,280.2,3.52,N,2026-08-23 19:47:00,0.6,72_2026-08-23,6,13968.694723195315,114155.88574003121,557224.1964483351,50000.0,50000.0,1,persistent_industrial,real
29.45605,76.86481,326.44,0.73,0.76,2026-08-23,1947,N,VIIRS,n,2.0NRT,279.86,4.86,N,2026-08-23 19:47:00,0.6,71_2026-08-23,6,13814.951755439703,113891.81555835599,556808.981139375,50000.0,50000.0,1,persistent_industrial,real
29.45968,76.85906,307.01,0.73,0.76,2026-08-23,1947,N,VIIRS,n,2.0NRT,279.1,2.79,N,2026-08-23 19:47:00,0.6,73_2026-08-23,4,14485.19161068294,114477.40139372645,556888.9761611407,50000.0,50000.0,1,persistent_industrial,real
31.26044,76.92447,303.03,0.63,0.54,2026-08-23,2127,N,VIIRS,n,2.0NRT,289.55,1.21,N,2026-08-23 21:27:00,0.6,80_2026-08-23,5,50347.52993157241,308282.03493843065,740437.0734552791,50000.0,50000.0,1,persistent_industrial,real
27.66743,76.13509,303.8,0.34,0.56,2026-08-23,2127,N,VIIRS,n,2.0NRT,288.75,0.76,N,2026-08-23 21:27:00,0.6,74_2026-08-23,4,142628.043924132,148238.766788214,350089.19629405095,50000.0,50000.0,1,persistent_industrial,real
29.35946,76.95735,305.21,0.35,0.57,2026-08-23,2127,N,VIIRS,n,2.0NRT,288.28,0.77,N,2026-08-23 21:27:00,0.6,75_2026-08-23,0,289.3746392668285,100639.52934766488,551989.1237106802,50000.0,50000.0,0,industrial_fire,real
29.45706,76.87043,345.96,0.34,0.56,2026-08-23,2127,N,VIIRS,n,2.0NRT,287.56,3.77,N,2026-08-23 21:27:00,0.6,76_2026-08-23,6,13552.92755923674,113790.1042663125,557173.3735936371,50000.0,50000.0,1,persistent_industrial,real
29.45788,76.86697,309.22,0.34,0.56,2026-08-23,2127,N,VIIRS,n,2.0NRT,287.34,2.77,N,2026-08-23 21:27:00,0.6,77_2026-08-23,8,13835.29314728932,114000.8195064505,557088.7873104487,50000.0,50000.0,1,persistent_industrial,real
29.45798,76.88937,307.07,0.34,0.56,2026-08-23,2127,N,VIIRS,n,2.0NRT,286.24,1.17,N,2026-08-23 21:27:00,0.6,78_2026-08-23,1,12573.618307255514,113209.32763622982,558163.4919241932,50000.0,50000.0,0,industrial_fire,real
31.25972,76.92417,303.56,0.63,0.54,2026-08-23,2127,N,VIIRS,n,2.0NRT,289.44,1.06,N,2026-08-23 21:27:00,0.6,79_2026-08-23,5,50337.96684291577,308206.03895662614,740352.1681168553,50000.0,50000.0,1,persistent_industrial,real
31.99853,78.5369,333.62,0.54,0.68,2026-08-24,705,N,VIIRS,n,2.0NRT,298.58,4.85,D,2026-08-24 07:05:00,0.6,0_2026-08-24,0,213516.48064292004,405670.0436450051,881553.9130145542,50000.0,50000.0,4,other_unclassified,real
30.4505,74.18115,332.79,0.44,0.46,2026-08-24,845,N,VIIRS,n,2.0NRT,297.29,4.16,D,2026-08-24 08:45:00,0.6,1_2026-08-24,0,165181.03008032864,371812.1798675726,599176.8213362878,50000.0,50000.0,4,other_unclassified,real
30.63301,73.60488,331.62,0.41,0.45,2026-08-24,845,N,VIIRS,n,2.0NRT,298.88,1.26,D,2026-08-24 08:45:00,0.6,2_2026-08-24,0,214010.90637282337,429015.1521098288,621881.4984304475,50000.0,50000.0,0,industrial_fire,real
30.89104,73.20267,332.43,0.39,0.44,2026-08-24,845,N,VIIRS,l,2.0NRT,306.76,9.8,D,2026-08-24 08:45:00,0.3,3_2026-08-24,6,249726.53363276736,476850.38824127294,654959.3188460385,50000.0,50000.0,4,other_unclassified,real
31.08036,74.34518,332.85,0.46,0.47,2026-08-24,845,N,VIIRS,n,2.0NRT,297.56,2.38,D,2026-08-24 08:45:00,0.6,4_2026-08-24,0,141694.0649476025,404380.46898365166,669451.9832369185,50000.0,50000.0,4,other_unclassified,real
31.25866,76.92591,304.88,0.52,0.42,2026-08-24,2110,N,VIIRS,n,2.0NRT,290.63,1.06,N,2026-08-24 21:10:00,0.6,8_2026-08-24,6,50525.95174964368,308068.95263288467,740305.271865322,50000.0,50000.0,1,persistent_industrial,real
26.25756,74.09525,308.52,0.46,0.39,2026-08-24,2110,N,VIIRS,n,2.0NRT,293.4,1.39,N,2026-08-24 21:10:00,0.6,5_2026-08-24,3,378294.2175871933,403998.19031103305,133108.4358489043,50000.0,50000.0,3,wildfire,real
26.87662,73.51538,307.36,0.43,0.38,2026-08-24,2110,N,VIIRS,n,2.0NRT,294.83,1.23,N,2026-08-24 21:10:00,0.6,6_2026-08-24,4,411425.49756290397,415110.39950066514,211876.41721977346,50000.0,50000.0,1,persistent_industrial,real
29.45879,76.8923,303.48,0.55,0.43,2026-08-24,2110,N,VIIRS,n,2.0NRT,287.77,2.12,N,2026-08-24 21:10:00,0.6,7_2026-08-24,2,12503.327735129798,113191.19838318165,558381.6592193691,50000.0,50000.0,1,persistent_industrial,real
30.38699,73.90166,331.03,0.4,0.37,2026-08-25,826,N,VIIRS,l,2.0NRT,303.76,3.83,D,2026-08-25 08:26:00,0.3,11_2026-08-25,0,192833.5639973017,390405.87821415515,592665.3759128272,50000.0,50000.0,4,other_unclassified,real
30.6344,73.05245,336.05,0.39,0.36,2026-08-25,826,N,VIIRS,n,2.0NRT,303.52,4.64,D,2026-08-25 08:26:00,0.6,14_2026-08-25,0,266290.01427298924,474583.4568340788,629138.3205237526,50000.0,50000.0,0,industrial_fire,real
30.35581,73.60623,330.28,0.4,0.37,2026-08-25,826,N,VIIRS,l,2.0NRT,301.9,2.79,D,2026-08-25 08:26:00,0.3,10_2026-08-25,0,220888.19388708813,413161.7556537227,591178.6538223788,50000.0,50000.0,4,other_unclassified,real
30.41115,73.77779,332.39,0.4,0.37,2026-08-25,826,N,VIIRS,n,2.0NRT,303.01,1.7,D,2026-08-25 08:26:00,0.6,12_2026-08-25,0,203354.00358855937,401959.7749077956,595997.49139477,50000.0,50000.0,4,other_unclassified,real
30.55025,73.47831,339.44,0.39,0.36,2026-08-25,826,N,VIIRS,n,2.0NRT,308.94,4.79,D,2026-08-25 08:26:00,0.6,13_2026-08-25,0,227550.53889472978,434532.5418318915,613954.0100554163,50000.0,50000.0,4,other_unclassified,real
30.15438,73.2097,330.18,0.39,0.36,2026-08-25,826,N,VIIRS,l,2.0NRT,305.01,1.61,D,2026-08-25 08:26:00,0.3,9_2026-08-25,0,264083.2324383846,437396.66000884474,573959.6367092705,50000.0,50000.0,4,other_unclassified,real
31.61505,74.37461,312.1,0.42,0.38,2026-08-25,2051,N,VIIRS,n,2.0NRT,297.17,0.89,N,2026-08-25 20:51:00,0.6,15_2026-08-25,1,157621.4688684711,446109.4797284946,728962.3453878243,50000.0,50000.0,0,industrial_fire,real
30.37163,73.89048,336.49,0.44,0.38,2026-08-26,807,N,VIIRS,n,2.0NRT,302.65,4.25,D,2026-08-26 08:07:00,0.6,16_2026-08-26,1,194394.316998398,390432.9965830358,591007.7867176943,50000.0,50000.0,4,other_unclassified,real
31.608,74.33546,330.73,0.41,0.37,2026-08-26,807,N,VIIRS,l,2.0NRT,304.78,3.2,D,2026-08-26 08:07:00,0.3,18_2026-08-26,0,160504.21260103013,447904.9042001436,728079.542617586,50000.0,50000.0,0,industrial_fire,real
30.37266,73.89281,332.4,0.44,0.38,2026-08-26,807,N,VIIRS,l,2.0NRT,302.55,4.26,D,2026-08-26 08:07:00,0.3,17_2026-08-26,1,194145.82827747794,390301.20758830395,591111.8822481653,50000.0,50000.0,4,other_unclassified,real
29.92137,74.95252,298.99,0.42,0.45,2026-08-26,2032,N,VIIRS,n,2.0NRT,282.32,0.96,N,2026-08-26 20:32:00,0.6,19_2026-08-26,0,138740.6305812449,277399.60815833055,545928.5457470883,50000.0,50000.0,0,industrial_fire,real
30.69802,74.17593,330.82,0.48,0.48,2026-08-27,750,N,VIIRS,l,2.0NRT,300.88,3.07,D,2026-08-27 07:50:00,0.3,21_2026-08-27,0,158940.3533083104,388546.0535100798,626698.3238591416,50000.0,50000.0,4,other_unclassified,real
30.60386,74.03584,337.14,0.49,0.48,2026-08-27,750,N,VIIRS,n,2.0NRT,298.61,3.14,D,2026-08-27 07:50:00,0.6,20_2026-08-27,0,174060.57991636294,393009.7150594971,616351.3936969448,50000.0,50000.0,4,other_unclassified,real
29.457,76.86609,334.4,0.61,0.53,2026-08-27,2014,N,VIIRS,n,2.0NRT,289.84,7.66,N,2026-08-27 20:14:00,0.6,22_2026-08-27,9,13814.834510404851,113942.49760402367,556961.7544407313,50000.0,50000.0,1,persistent_industrial,real
29.90909,74.95557,306.55,0.4,0.6,2026-08-27,2014,N,VIIRS,n,2.0NRT,292.96,2.25,N,2026-08-27 20:14:00,0.6,23_2026-08-27,3,139665.20758719541,276395.2341801251,544620.8620434275,50000.0,50000.0,1,persistent_industrial,real
29.90971,74.94712,350.51,0.4,0.6,2026-08-27,2014,N,VIIRS,n,2.0NRT,294.75,13.61,N,2026-08-27 20:14:00,0.6,25_2026-08-27,8,140092.1660246344,277111.1698483438,544570.0157215429,50000.0,50000.0,1,persistent_industrial,real
29.91002,74.94289,346.19,0.4,0.6,2026-08-27,2014,N,VIIRS,n,2.0NRT,292.71,12.52,N,2026-08-27 20:14:00,0.6,26_2026-08-27,6,140307.21054426918,277469.75841250236,544545.0028249531,50000.0,50000.0,1,persistent_industrial,real
29.91033,74.93867,305.44,0.4,0.6,2026-08-27,2014,N,VIIRS,n,2.0NRT,292.26,12.52,N,2026-08-27 20:14:00,0.6,27_2026-08-27,3,140522.52698399217,277827.68963135174,544520.4493426402,50000.0,50000.0,1,persistent_industrial,real
29.91498,74.95193,306.17,0.4,0.6,2026-08-27,2014,N,VIIRS,n,2.0NRT,293.0,1.59,N,2026-08-27 20:14:00,0.6,28_2026-08-27,6,139345.36279756972,277050.8950454153,545217.3252233785,50000.0,50000.0,1,persistent_industrial,real
29.91529,74.9477,308.09,0.4,0.6,2026-08-27,2014,N,VIIRS,n,2.0NRT,292.96,1.59,N,2026-08-27 20:14:00,0.6,29_2026-08-27,7,139560.3502108955,277408.92713440134,545192.0191230251,50000.0,50000.0,1,persistent_industrial,real
29.9094,74.95135,321.57,0.4,0.6,2026-08-27,2014,N,VIIRS,n,2.0NRT,293.15,13.61,N,2026-08-27 20:14:00,0.6,24_2026-08-27,6,139877.9740290893,276752.7277088299,544595.3493525181,50000.0,50000.0,1,persistent_industrial,real
29.91466,74.95614,306.96,0.6,0.7,2026-08-27,2155,N,VIIRS,n,2.0NRT,293.04,15.44,N,2026-08-27 21:55:00,0.6,38_2026-08-27,8,139133.27024620224,276693.99257532594,545241.5686151414,50000.0,50000.0,1,persistent_industrial,real
29.90638,74.95924,319.9,0.6,0.7,2026-08-27,2155,N,VIIRS,n,2.0NRT,292.24,19.52,N,2026-08-27 21:55:00,0.6,31_2026-08-27,4,139700.3119296958,275933.719156812,544374.9229668933,50000.0,50000.0,1,persistent_industrial,real
29.90671,74.9599,317.64,0.6,0.7,2026-08-27,2155,N,VIIRS,n,2.0NRT,292.12,15.44,N,2026-08-27 21:55:00,0.6,32_2026-08-27,3,139633.23610299436,275901.18398136995,544420.6134778297,50000.0,50000.0,1,persistent_industrial,real
29.90808,74.95317,367.0,0.6,0.7,2026-08-27,2155,N,VIIRS,h,2.0NRT,294.32,14.38,N,2026-08-27 21:55:00,0.9,33_2026-08-27,10,139892.4832883045,276525.3523386066,544475.8260142809,50000.0,50000.0,1,persistent_industrial,real
29.90838,74.95381,367.0,0.6,0.7,2026-08-27,2155,N,VIIRS,h,2.0NRT,294.14,15.44,N,2026-08-27 21:55:00,0.9,34_2026-08-27,10,139829.11554762826,276492.5278964958,544517.866924988,50000.0,50000.0,1,persistent_industrial,real
29.90978,74.9471,319.17,0.6,0.7,2026-08-27,2155,N,VIIRS,n,2.0NRT,292.2,14.38,N,2026-08-27 21:55:00,0.6,35_2026-08-27,13,140087.05255768338,277117.0870423049,544577.4363963263,50000.0,50000.0,1,persistent_industrial,real
29.91005,74.94773,319.45,0.6,0.7,2026-08-27,2155,N,VIIRS,n,2.0NRT,292.36,28.69,N,2026-08-27 21:55:00,0.6,36_2026-08-27,15,140026.8180918231,277083.17629502487,544615.9712218955,50000.0,50000.0,1,persistent_industrial,real
29.91436,74.95547,310.32,0.6,0.7,2026-08-27,2155,N,VIIRS,n,2.0NRT,292.87,14.38,N,2026-08-27 21:55:00,0.6,37_2026-08-27,12,139198.3992950104,276729.0563959863,545199.09046043,50000.0,50000.0,1,persistent_industrial,real
29.91607,74.94938,305.84,0.6,0.7,2026-08-27,2155,N,VIIRS,n,2.0NRT,292.75,14.38,N,2026-08-27 21:55:00,0.6,39_2026-08-27,10,139394.19900036472,277322.55143393145,545301.3832870248,50000.0,50000.0,1,persistent_industrial,real
29.47338,76.864,304.0,0.78,0.78,2026-08-27,2155,N,VIIRS,n,2.0NRT,286.48,2.54,N,2026-08-27 21:55:00,0.6,30_2026-08-27,2,15371.390265485421,115705.77525198393,558452.0139116806,50000.0,50000.0,1,persistent_industrial,real
30.47519,76.58662,304.01,0.38,0.59,2026-08-28,2133,N,VIIRS,n,2.0NRT,288.36,0.86,N,2026-08-28 21:33:00,0.6,40_2026-08-28,0,88425.46225087419,229612.257525229,647407.6741922321,50000.0,50000.0,0,industrial_fire,real
34.876184676609455,86.67208848233928,338.1562060348401,0.5,0.5,2026-07-20,2001,N,VIIRS,n,2.0NRT,297.52,17.13,D,2026-07-20 20:00:00,0.8440564716391215,SYNTH_0_00000,1,0.0,104.6730739706523,3191.760604750928,17470.059261251343,14865.59073996569,0,industrial_fire,synthetic
30.573121415139095,73.64452252770705,337.3515459277667,0.5,0.5,2026-07-20,0801,N,VIIRS,n,2.0NRT,299.69,18.27,D,2026-07-20 08:00:00,0.6541117399171001,SYNTH_0_00001,1,255.4140361568727,292.51111335206207,2722.7064546821093,14552.56364476847,24780.33070939224,0,industrial_fire,synthetic
14.58037112247564,87.4246058457928,353.6662708560172,0.5,0.5,2026-07-20,1101,N,VIIRS,n,2.0NRT,314.95,17.56,D,2026-07-20 11:00:00,0.9641647600870461,SYNTH_0_00002,1,101.23019803384614,223.1635906392694,1779.3409076281835,24927.835380603967,24031.77834176713,0,industrial_fire,synthetic
27.28067484116893,88.44979598016371,335.4116439182135,0.5,0.5,2026-07-20,1101,N,VIIRS,n,2.0NRT,302.01,18.8,D,2026-07-20 11:00:00,0.7616685809140729,SYNTH_0_00003,1,176.24263160748154,430.71431669222846,3335.3933231620235,25431.308504575158,15540.632555911132,0,industrial_fire,synthetic
16.814552843815754,68.89371720247024,335.0182410366771,0.5,0.5,2026-07-20,1301,N,VIIRS,n,2.0NRT,302.33,11.71,N,2026-07-20 13:00:00,0.8994941311234396,SYNTH_0_00004,0,46.100266116810815,445.2417531887221,475.69534257629266,17320.9197601138,16302.024520840045,0,industrial_fire,synthetic
27.265092669494237,79.78521898176204,344.983876187787,0.5,0.5,2026-07-20,1301,N,VIIRS,n,2.0NRT,307.7,21.01,D,2026-07-20 13:00:00,0.6366712785996519,SYNTH_0_00005,0,39.66572567980664,374.57411160806464,3213.6386041058477,25523.882832542145,11581.978829307725,0,industrial_fire,synthetic
16.74385058528842,86.27819520044777,322.20332783020984,0.5,0.5,2026-07-20,1101,N,VIIRS,n,2.0NRT,295.64,4.01,N,2026-07-20 11:00:00,0.630416035441096,SYNTH_2_00000,0,29869.72480785582,16244.78127837821,80374.82356183062,188.45973271247271,18572.249408239553,2,agricultural_burn,synthetic
15.895005293509612,70.79533790245148,317.4348346204972,0.5,0.5,2026-07-20,0901,N,VIIRS,n,2.0NRT,284.13,1.66,N,2026-07-20 09:00:00,0.7899774226723437,SYNTH_2_00001,0,15945.209446399393,16974.699567684882,118976.84893358196,121.49888231508592,20900.12454773669,2,agricultural_burn,synthetic
26.84555144508978,70.44888531305678,315.8963781747816,0.5,0.5,2026-07-20,0701,N,VIIRS,n,2.0NRT,280.0,8.52,N,2026-07-20 07:00:00,0.7737735602332277,SYNTH_2_00002,1,19058.500443032055,8431.537164892363,82163.88523141609,107.6405832748958,16861.40969083763,2,agricultural_burn,synthetic
25.136549252961085,68.66131225986123,343.95596852748673,0.5,0.5,2026-07-20,1401,N,VIIRS,n,2.0NRT,316.31,6.66,N,2026-07-20 14:00:00,0.785687105914951,SYNTH_2_00003,1,39633.028912195616,10489.895565417193,60807.45401750757,75.873924687558,11881.521574753857,2,agricultural_burn,synthetic
20.728432348846354,68.62675031652958,344.08990115393823,0.5,0.5,2026-07-20,2201,N,VIIRS,n,2.0NRT,303.76,2.95,D,2026-07-20 22:00:00,0.9496730891691787,SYNTH_2_00004,1,54138.6246600733,23315.27546620797,50313.856399044074,0.0,17141.691698750685,2,agricultural_burn,synthetic
14.676205735951545,69.08496412910921,329.47386967732126,0.5,0.5,2026-07-20,1201,N,VIIRS,n,2.0NRT,298.1,6.47,D,2026-07-20 12:00:00,0.5825317055295642,SYNTH_2_00005,0,20136.920909266693,19569.739593453436,133037.8974073965,160.42196171783087,22861.916088184462,2,agricultural_burn,synthetic
20.6178147400881,96.77889135761927,326.00293958861056,0.5,0.5,2026-07-20,0401,N,VIIRS,n,2.0NRT,290.14,12.39,D,2026-07-20 04:00:00,0.6597072821912974,SYNTH_2_00006,1,34315.73012874244,23079.607728846906,75300.86307025728,146.73899790916528,9761.698436564877,2,agricultural_burn,synthetic
15.611354961763077,95.1675813654796,330.0792040037717,0.5,0.5,2026-07-20,0101,N,VIIRS,n,2.0NRT,301.92,10.74,D,2026-07-20 01:00:00,0.7785826139602543,SYNTH_2_00007,0,38060.017417068244,21755.06001091085,67672.18307498789,238.5030968047911,18430.051507692908,2,agricultural_burn,synthetic
8.404152343537845,74.6600248699668,356.13292453450873,0.5,0.5,2026-07-20,1101,N,VIIRS,n,2.0NRT,320.68,10.95,N,2026-07-20 11:00:00,0.7116812678864012,SYNTH_2_00008,0,39614.44292242202,11143.634543652097,53158.18943132521,201.46614357512357,11843.159017123284,2,agricultural_burn,synthetic
11.588860305859994,94.89931397918872,312.5791528333321,0.5,0.5,2026-07-20,0301,N,VIIRS,n,2.0NRT,280.0,7.93,N,2026-07-20 03:00:00,0.6656769729707128,SYNTH_2_00009,0,12811.86939576372,12974.781064569994,69976.29677897564,223.27220338848105,4388.858258083488,2,agricultural_burn,synthetic
20.15431526017281,96.02072545215228,356.41422305640833,0.5,0.5,2026-07-20,2001,N,VIIRS,n,2.0NRT,312.03,5.02,D,2026-07-20 20:00:00,0.8837398107442744,SYNTH_2_00010,1,23454.943207500997,14432.459106634375,73284.23549358502,169.39974330169773,16412.58686762969,2,agricultural_burn,synthetic
25.574458800300317,93.16442965950432,342.60520980296087,0.5,0.5,2026-07-20,0301,N,VIIRS,n,2.0NRT,296.55,3.44,D,2026-07-20 03:00:00,0.6909292986036514,SYNTH_2_00011,0,28156.050035903405,29646.828967105866,58127.484867691746,97.66828479457628,0.0,2,agricultural_burn,synthetic
25.2385762489371,72.23902408158825,333.12348822202796,0.5,0.5,2026-07-20,2301,N,VIIRS,n,2.0NRT,289.48,4.41,D,2026-07-20 23:00:00,0.5742271608643369,SYNTH_2_00012,0,10329.547546090094,37033.976896226384,41377.322561779074,62.25715372362883,29695.308226570512,2,agricultural_burn,synthetic
9.548076046188086,85.14317066721816,337.12357908909917,0.5,0.5,2026-07-20,0101,N,VIIRS,n,2.0NRT,297.06,3.04,N,2026-07-20 01:00:00,0.7934766074466618,SYNTH_2_00013,1,21238.439287699006,18929.41628387167,38753.125748900544,130.9461004820268,12868.900079928359,2,agricultural_burn,synthetic
18.834810015327577,83.18883551281148,333.6579426400829,0.5,0.5,2026-07-20,2201,N,VIIRS,n,2.0NRT,304.22,6.47,N,2026-07-20 22:00:00,0.7500084393091414,SYNTH_2_00014,1,17784.419664571527,22531.954093386463,77081.40204759531,317.4534647144476,27586.83921980194,2,agricultural_burn,synthetic
30.590894282765742,71.90201404398127,336.8901131089656,0.5,0.5,2026-07-20,0101,N,VIIRS,n,2.0NRT,303.15,9.57,D,2026-07-20 01:00:00,0.5755414013025807,SYNTH_2_00015,1,34274.384815581805,23635.362705714902,46687.07946756566,112.27801540400408,17109.737634852157,2,agricultural_burn,synthetic
18.625381044961173,77.49737136796382,352.3533782708558,0.5,0.5,2026-07-20,1401,N,VIIRS,n,2.0NRT,317.66,6.46,N,2026-07-20 14:00:00,0.7263149735490315,SYNTH_2_00016,0,26765.12421372447,22367.951917496797,68842.5625603613,9.462257401713401,17623.963869712876,2,agricultural_burn,synthetic
23.448946005906464,86.354611248761,327.5028808834986,0.5,0.5,2026-07-20,0801,N,VIIRS,n,2.0NRT,295.99,2.84,D,2026-07-20 08:00:00,0.8082655241987707,SYNTH_2_00017,2,42323.116054099446,29419.29511182155,93172.60036788728,289.51476209342337,18511.94526990639,2,agricultural_burn,synthetic
31.225641106467805,85.21677812952427,324.0476690544885,0.5,0.5,2026-07-20,1701,N,VIIRS,n,2.0NRT,285.86,8.97,D,2026-07-20 17:00:00,0.7309348942494841,SYNTH_2_00018,1,36712.4709346732,26006.95190985008,134619.38472940406,208.4619752910916,2423.6779547740753,2,agricultural_burn,synthetic
30.15377831019105,91.17809677884993,330.921048408256,0.5,0.5,2026-07-20,2301,N,VIIRS,n,2.0NRT,287.84,3.9,D,2026-07-20 23:00:00,0.6283439850618873,SYNTH_2_00019,1,18288.597226034188,22496.07577240995,114659.36108320089,198.70091777795517,0.0,2,agricultural_burn,synthetic
30.113432265048917,75.84551328639509,323.5932736763031,0.5,0.5,2026-07-20,1701,N,VIIRS,n,2.0NRT,292.91,0.05,D,2026-07-20 17:00:00,0.5918405600546057,SYNTH_2_00020,1,39759.49048053509,22946.852901605267,105397.51957530213,104.32450707825643,21510.109519729685,2,agricultural_burn,synthetic
21.90171735961167,78.91442473094396,339.81480295218495,0.5,0.5,2026-07-20,2101,N,VIIRS,n,2.0NRT,298.17,5.56,D,2026-07-20 21:00:00,0.8499824246910295,SYNTH_2_00021,1,14414.639180215907,18999.92775744338,124443.66642976919,90.51294169499486,8421.999861677437,2,agricultural_burn,synthetic
16.565411734978607,81.29789437215798,341.1293185498729,0.5,0.5,2026-07-20,0201,N,VIIRS,n,2.0NRT,310.1,8.57,D,2026-07-20 02:00:00,0.9827653100346085,SYNTH_2_00022,1,22948.383111339557,3971.8216634678884,128127.63084551423,113.38404552345395,15863.043554744265,2,agricultural_burn,synthetic
27.30485734708957,86.85362545120512,345.0906654268793,0.5,0.5,2026-07-20,1901,N,VIIRS,n,2.0NRT,306.29,7.32,D,2026-07-20 19:00:00,0.6087234116107634,SYNTH_2_00023,1,1898.9656336735607,20434.828683123058,65846.71899084993,186.75086173732893,20615.62900977016,2,agricultural_burn,synthetic
25.571830151784102,91.24297251492304,333.9490730127859,0.5,0.5,2026-07-20,0001,N,VIIRS,n,2.0NRT,306.36,6.69,N,2026-07-20 00:00:00,0.7320388586168541,SYNTH_2_00024,0,26967.76096656957,26564.227803339352,68187.76483326283,191.693380458569,12873.289664676968,2,agricultural_burn,synthetic
32.68280189309611,72.50117678079164,319.45731743717494,0.5,0.5,2026-07-20,0101,N,VIIRS,n,2.0NRT,291.86,0.05,D,2026-07-20 01:00:00,0.7215115933617425,SYNTH_2_00025,1,26977.900819418523,28713.73997368634,119830.58396803075,144.46896522190883,25828.68711655518,2,agricultural_burn,synthetic
10.659909168901745,73.32246363752925,325.35123794355155,0.5,0.5,2026-07-20,1101,N,VIIRS,n,2.0NRT,295.7,3.34,N,2026-07-20 11:00:00,0.9220769831165984,SYNTH_2_00026,1,11178.1848462296,23142.619746079352,48783.68182527397,187.97576707705616,13951.306794498187,2,agricultural_burn,synthetic
35.27723788117004,72.30473070768168,339.4743123489833,0.5,0.5,2026-07-20,0401,N,VIIRS,n,2.0NRT,305.13,4.04,D,2026-07-20 04:00:00,0.7828662002282482,SYNTH_2_00027,0,28619.218539288435,30565.293244225337,69716.41547406862,31.851374652341462,23537.779332575865,2,agricultural_burn,synthetic
14.311227274211898,85.06088120386124,352.82307943505197,0.5,0.5,2026-07-20,2301,N,VIIRS,n,2.0NRT,323.41,7.05,N,2026-07-20 23:00:00,0.7569381135132779,SYNTH_2_00028,3,26601.905933170754,28609.921259731083,54630.169016979584,176.64562980946042,14793.09721636915,2,agricultural_burn,synthetic
30.835534437592663,83.9251871243907,325.770308869288,0.5,0.5,2026-07-20,0901,N,VIIRS,n,2.0NRT,296.48,4.62,N,2026-07-20 09:00:00,0.8605993369907299,SYNTH_2_00029,2,15379.088836583727,22781.667619607655,67787.65290949025,127.2508929567924,16482.605195323056,2,agricultural_burn,synthetic
22.33010774900528,71.35984500572279,369.49792618156715,0.5,0.5,2026-07-20,0501,N,VIIRS,n,2.0NRT,331.17,6.02,D,2026-07-20 05:00:00,0.8933214506606173,SYNTH_2_00030,1,25915.20178173208,24646.216762638374,78296.50416821925,136.36739350686364,8764.140826196643,2,agricultural_burn,synthetic
18.795585622554896,72.45477407275841,335.80259883357604,0.5,0.5,2026-07-20,2001,N,VIIRS,n,2.0NRT,304.4,9.26,D,2026-07-20 20:00:00,0.7953965579308696,SYNTH_2_00031,0,21913.269444535872,27484.377003721194,25057.81747354629,123.1514105505083,0.0,2,agricultural_burn,synthetic
14.062672099465003,83.22756078605057,318.34163009054,0.5,0.5,2026-07-20,2201,N,VIIRS,n,2.0NRT,280.0,1.49,N,2026-07-20 22:00:00,0.9920415012247402,SYNTH_2_00032,0,29348.842714636474,15523.421711604084,93952.40628500919,25.12333176044457,12621.413098418916,2,agricultural_burn,synthetic
29.90457501104759,80.5795917923552,353.59359010834953,0.5,0.5,2026-07-20,0001,N,VIIRS,n,2.0NRT,310.77,3.93,N,2026-07-20 00:00:00,0.6529850480348587,SYNTH_2_00033,2,16123.043442854403,30686.274690561862,74259.68039914819,262.30571136532456,11459.71430486253,2,agricultural_burn,synthetic
32.46406315811369,86.49007231387532,322.8138668727512,0.5,0.5,2026-07-20,0001,N,VIIRS,n,2.0NRT,288.71,4.91,N,2026-07-20 00:00:00,0.7952333950643139,SYNTH_2_00034,0,9342.409278194857,25099.76722120897,63836.860471467706,241.82501285868508,0.0,2,agricultural_burn,synthetic
22.638953004201444,94.37701507226915,329.3223620982131,0.5,0.5,2026-07-20,0501,N,VIIRS,n,2.0NRT,298.09,5.24,D,2026-07-20 05:00:00,0.6491463958056892,SYNTH_2_00035,1,32068.496408990508,25301.32776308387,91551.13812968304,194.52267542010105,17371.344006469277,2,agricultural_burn,synthetic
20.998012519449272,76.91851710020279,312.82936370292475,0.5,0.5,2026-07-20,0601,N,VIIRS,n,2.0NRT,285.07,2.9,D,2026-07-20 06:00:00,0.7429319618347928,SYNTH_2_00036,0,28342.951284977145,20409.136468417295,57033.94167710861,222.01476512159707,20915.30137840758,2,agricultural_burn,synthetic
35.93312548293201,90.67814995140714,332.7793348928657,0.5,0.5,2026-07-20,2201,N,VIIRS,n,2.0NRT,303.14,5.8,D,2026-07-20 22:00:00,0.7689843392837443,SYNTH_2_00037,0,10451.77514742211,30689.488800097366,117438.49955178295,129.79861325576283,17907.634702712585,2,agricultural_burn,synthetic
11.59222347106241,69.18746184828588,356.85196696769583,0.5,0.5,2026-07-20,2301,N,VIIRS,n,2.0NRT,323.97,8.14,D,2026-07-20 23:00:00,0.6662536595914808,SYNTH_2_00038,0,27354.483683099304,32888.92918799697,43328.770623802906,169.92288978455537,29570.390806504867,2,agricultural_burn,synthetic
31.854909627905517,69.07215108883405,336.322013413076,0.5,0.5,2026-07-20,0801,N,VIIRS,n,2.0NRT,309.75,4.44,D,2026-07-20 08:00:00,0.5725037940357871,SYNTH_2_00039,1,30154.104029008107,15379.688901154796,118233.41650823716,99.79299708504642,9907.077735182114,2,agricultural_burn,synthetic
32.88563383411987,68.13050362325012,323.93456723839296,0.5,0.5,2026-07-20,2101,N,VIIRS,n,2.0NRT,287.59,7.61,N,2026-07-20 21:00:00,0.607626556460094,SYNTH_2_00040,1,29463.221475430637,13547.20876554102,41520.96049218435,207.10561091859196,16933.15617341401,2,agricultural_burn,synthetic
25.11928727561132,79.5112619646872,339.21888525079663,0.5,0.5,2026-07-20,1401,N,VIIRS,n,2.0NRT,305.65,4.14,N,2026-07-20 14:00:00,0.7088361677783791,SYNTH_2_00041,0,38626.42639803341,11675.311579900535,7616.590072115301,278.87495960095157,35394.62362085602,2,agricultural_burn,synthetic
36.9298210806246,88.3255492934991,312.9866419724639,0.5,0.5,2026-07-20,1201,N,VIIRS,n,2.0NRT,286.64,5.43,N,2026-07-20 12:00:00,0.8024507375286086,SYNTH_2_00042,1,10055.943801806934,25593.5738535591,141580.5494583767,163.7568265949648,12301.398703451952,2,agricultural_burn,synthetic
17.955481408988327,80.19107137365303,321.8501867541512,0.5,0.5,2026-07-20,1301,N,VIIRS,n,2.0NRT,295.31,6.49,D,2026-07-20 13:00:00,0.7325827266195042,SYNTH_2_00043,2,41678.8761111952,11170.074417743943,97617.77500408377,175.5520211032983,8047.6220170817405,2,agricultural_burn,synthetic
16.682115453929942,74.99978978717323,328.3490394815717,0.5,0.5,2026-07-20,0501,N,VIIRS,n,2.0NRT,289.17,5.95,D,2026-07-20 05:00:00,0.7418412230314879,SYNTH_2_00044,0,7943.477839844829,7074.733285434575,94462.00506576576,108.18250430642557,0.0,2,agricultural_burn,synthetic
34.17406510735773,90.84010525065084,361.1944841454401,0.5,0.5,2026-07-20,1501,N,VIIRS,n,2.0NRT,328.59,7.05,D,2026-07-20 15:00:00,0.7887703141262015,SYNTH_2_00045,1,23330.72069891435,26534.20693760633,98752.5560374446,250.13800068521562,10829.416650901723,2,agricultural_burn,synthetic
9.90038258363309,81.1984174299411,351.9744767274059,0.5,0.5,2026-07-20,0701,N,VIIRS,n,2.0NRT,317.98,8.37,N,2026-07-20 07:00:00,0.7075226272206909,SYNTH_2_00046,0,28140.77223869799,18033.90799989679,108561.60959419669,0.0,8386.359624664843,2,agricultural_burn,synthetic
8.048160522569216,71.25004075896223,326.8846094297968,0.5,0.5,2026-07-20,0501,N,VIIRS,n,2.0NRT,297.06,9.34,N,2026-07-20 05:00:00,0.7443045458786471,SYNTH_2_00047,0,35491.7362144135,12192.32947108076,52682.753482356544,194.68391674193788,13227.711074153596,2,agricultural_burn,synthetic
27.814492372105576,74.6193333884392,333.8829349145965,0.5,0.5,2026-07-20,1401,N,VIIRS,n,2.0NRT,297.47,5.96,D,2026-07-20 14:00:00,0.5936522052131311,SYNTH_2_00048,0,31857.490352746616,17192.380942256175,49331.59155058011,142.30568504613342,24024.15085879442,2,agricultural_burn,synthetic
8.907221874147693,71.2082545593039,310.08365722329575,0.5,0.5,2026-07-20,1101,N,VIIRS,n,2.0NRT,286.32,8.3,N,2026-07-20 11:00:00,0.794781371672271,SYNTH_2_00049,0,25582.743309354464,24389.910550913013,74369.87027214644,172.25149811637016,16264.952679240872,2,agricultural_burn,synthetic
34.645016746177745,81.17926547866108,359.49377825431645,0.5,0.5,2026-07-20,2301,N,VIIRS,n,2.0NRT,314.25,9.01,N,2026-07-20 23:00:00,0.5640164593454371,SYNTH_2_00050,0,25990.34821007201,27446.705810804233,133927.83567302945,191.3038057681161,12026.26642731444,2,agricultural_burn,synthetic
8.865208332891227,78.04788100680824,349.0481053870528,0.5,0.5,2026-07-20,0601,N,VIIRS,n,2.0NRT,313.63,11.36,N,2026-07-20 06:00:00,0.8355019324297279,SYNTH_2_00051,0,31396.26409497902,23540.364993632422,117489.95801131331,200.8296914289022,20920.113890434684,2,agricultural_burn,synthetic
22.711488345879257,96.7614598019326,319.384014440917,0.5,0.5,2026-07-20,1601,N,VIIRS,n,2.0NRT,284.64,4.33,N,2026-07-20 16:00:00,0.9228995340885704,SYNTH_2_00052,2,38592.20600295612,22041.707334846997,120518.7536285797,150.96425444814605,16622.378215182234,2,agricultural_burn,synthetic
25.242460657835068,76.54790060288013,358.52632329966616,0.5,0.5,2026-07-20,0401,N,VIIRS,n,2.0NRT,321.57,5.76,N,2026-07-20 04:00:00,0.7511445439091466,SYNTH_2_00053,1,27487.87309801083,20353.699024833586,73912.58045613357,63.40582420893705,13791.584979144565,2,agricultural_burn,synthetic
24.44119606426222,89.99424487835788,327.3089706056956,0.5,0.5,2026-07-20,1801,N,VIIRS,n,2.0NRT,298.53,0.64,D,2026-07-20 18:00:00,0.8559223738896321,SYNTH_2_00054,1,35258.36842885239,20311.30565521168,54648.64016092547,63.30409381135516,17756.83923800286,2,agricultural_burn,synthetic
12.331850534676372,95.88493925668995,350.8537943806729,0.5,0.5,2026-07-20,1701,N,VIIRS,n,2.0NRT,318.26,12.45,D,2026-07-20 17:00:00,0.6922105891922344,SYNTH_3_00000,3,28034.617779638786,17464.380327304505,68017.68706961191,24803.075508730955,131.76089038449544,3,wildfire,synthetic
11.03383780733848,94.21522543546317,328.8055404138569,0.5,0.5,2026-07-20,1201,N,VIIRS,n,2.0NRT,297.57,26.5,D,2026-07-20 12:00:00,0.5638154846757488,SYNTH_3_00001,0,25349.31935892003,22278.25550229429,85883.62006012077,32927.708460356516,0.0,3,wildfire,synthetic
17.254842169390315,85.65349273804915,349.366427874224,0.5,0.5,2026-07-20,1301,N,VIIRS,n,2.0NRT,310.11,7.85,N,2026-07-20 13:00:00,0.933738667548752,SYNTH_3_00002,6,20968.72929951823,39145.541926580234,91245.17669446187,37783.21924030973,168.80416204158098,3,wildfire,synthetic
35.69205336381842,75.06430561539962,357.3185043222029,0.5,0.5,2026-07-20,0701,N,VIIRS,n,2.0NRT,329.53,9.34,N,2026-07-20 07:00:00,0.701024981709879,SYNTH_3_00003,3,35903.21631870534,22279.770289940374,99750.1570079132,22125.866996787634,220.38997519265217,3,wildfire,synthetic
35.82063808143265,86.92305682182723,341.8002687334404,0.5,0.5,2026-07-20,0801,N,VIIRS,n,2.0NRT,316.26,14.53,N,2026-07-20 08:00:00,0.8331031857667974,SYNTH_3_00004,2,8893.898003549117,18337.50626104697,69529.40527734498,21580.714566945946,213.46371415766865,3,wildfire,synthetic
16.829529267804954,84.03404936786939,337.3115007792017,0.5,0.5,2026-07-20,1401,N,VIIRS,n,2.0NRT,314.82,0.05,N,2026-07-20 14:00:00,0.7396579886425366,SYNTH_3_00005,3,24664.210521637386,24030.038555591625,123167.7363446905,12000.055891741977,39.36340885190464,3,wildfire,synthetic
18.766326475560035,79.74079396836947,338.0127659186313,0.5,0.5,2026-07-20,0301,N,VIIRS,n,2.0NRT,302.5,1.37,N,2026-07-20 03:00:00,0.7091611372745273,SYNTH_3_00006,2,25462.973475771003,19194.283022597978,126726.88636901925,15915.844248867681,76.52184486293484,3,wildfire,synthetic
15.11251021767308,88.59711083874362,379.60753879010565,0.5,0.5,2026-07-20,1501,N,VIIRS,n,2.0NRT,338.82,13.82,N,2026-07-20 15:00:00,0.9560298170524079,SYNTH_3_00007,2,22294.82260926281,10506.851995267947,92447.18533481889,12313.793197131086,89.78929826237997,3,wildfire,synthetic
23.362624319292443,83.5604723937356,356.7786533503788,0.5,0.5,2026-07-20,1001,N,VIIRS,n,2.0NRT,322.94,26.49,N,2026-07-20 10:00:00,0.5619201572025943,SYNTH_3_00008,6,21185.12141645845,14196.952693089162,94172.90513945873,16856.957027229364,160.0610589660321,3,wildfire,synthetic
34.58860382124668,77.32445675298762,352.54383354496906,0.5,0.5,2026-07-20,2001,N,VIIRS,n,2.0NRT,315.09,15.61,N,2026-07-20 20:00:00,0.8665307535547178,SYNTH_3_00009,4,44768.727971239954,24786.580737182503,110634.14101124607,11642.219417329898,169.45479091012552,3,wildfire,synthetic
17.9002249540701,69.45309400121108,361.1927049430706,0.5,0.5,2026-07-20,0201,N,VIIRS,n,2.0NRT,319.34,24.6,D,2026-07-20 02:00:00,0.7835841256933024,SYNTH_3_00010,3,0.0,25445.971627465446,0.0,6488.829333351237,234.2122321129181,3,wildfire,synthetic
9.799830089664502,81.2895992045589,383.8130593709263,0.5,0.5,2026-07-20,1301,N,VIIRS,n,2.0NRT,348.64,11.13,N,2026-07-20 13:00:00,0.7908036176881267,SYNTH_3_00011,3,44402.492781983296,23179.244045740776,54917.96067582196,21012.45293475139,175.7267116571891,3,wildfire,synthetic
35.55177174410868,77.93869563989372,349.55740857731803,0.5,0.5,2026-07-20,0601,N,VIIRS,n,2.0NRT,313.41,12.74,N,2026-07-20 06:00:00,0.811681419968978,SYNTH_3_00012,4,13003.453255967424,12625.711306408553,128663.77253908856,18288.968150157423,9.9789488883751,3,wildfire,synthetic
19.691065919453376,84.29274897182698,359.45411435892123,0.5,0.5,2026-07-20,1701,N,VIIRS,n,2.0NRT,320.62,20.88,D,2026-07-20 17:00:00,0.6095730901909251,SYNTH_3_00013,5,28972.481859954347,19276.42216476598,73102.34444463743,29835.000484777538,357.5129412809076,3,wildfire,synthetic
27.010014411948514,87.22438171209276,353.85421301729195,0.5,0.5,2026-07-20,1701,N,VIIRS,n,2.0NRT,316.96,15.97,D,2026-07-20 17:00:00,0.7440717353974068,SYNTH_3_00014,5,16248.556763516062,18269.74240747727,112186.86322068099,22026.939620799603,220.82519722420054,3,wildfire,synthetic
34.39948039537232,73.87314982980139,374.71067334001117,0.5,0.5,2026-07-20,0601,N,VIIRS,n,2.0NRT,336.63,5.12,N,2026-07-20 06:00:00,0.5844904656814816,SYNTH_3_00015,2,12459.475484964372,12810.593553895102,91826.06615301367,19535.345450083863,139.58016388312885,3,wildfire,synthetic
19.601781937907905,93.37812078635284,349.4606815848038,0.5,0.5,2026-07-20,1601,N,VIIRS,n,2.0NRT,309.53,0.05,N,2026-07-20 16:00:00,0.7536059926797796,SYNTH_3_00016,0,24944.404333307855,31409.790473107125,131567.20374523924,23824.975434271306,119.95667071237202,3,wildfire,synthetic
32.456363687097394,96.36792849217228,355.88122235560803,0.5,0.5,2026-07-20,0901,N,VIIRS,n,2.0NRT,327.09,10.54,D,2026-07-20 09:00:00,0.6545208182869179,SYNTH_3_00017,5,36686.72953860881,28287.097108343547,93567.40605804301,15139.08887775113,76.8952777709316,3,wildfire,synthetic
14.346841655044333,91.6656244858321,357.3011728608962,0.5,0.5,2026-07-20,2201,N,VIIRS,n,2.0NRT,316.64,13.37,N,2026-07-20 22:00:00,0.6122684344479632,SYNTH_3_00018,8,42664.1747978816,23348.58172588552,104391.01713055871,23065.13122049384,233.36721818342795,3,wildfire,synthetic
12.464943894751165,80.26120964385701,363.14605430614756,0.5,0.5,2026-07-20,1001,N,VIIRS,n,2.0NRT,314.1,9.85,N,2026-07-20 10:00:00,0.795502372034752,SYNTH_3_00019,1,42341.511483118404,21303.79438161231,83109.00054536316,11968.44733238866,152.48488157372304,3,wildfire,synthetic
13.1143350202342,80.28136644570996,368.54955550171917,0.5,0.5,2026-07-20,0401,N,VIIRS,n,2.0NRT,336.53,10.31,D,2026-07-20 04:00:00,0.7348752353253624,SYNTH_3_00020,4,30191.133420713828,22557.248353119634,93863.85039642765,18325.00153455998,12.226840824137923,3,wildfire,synthetic
9.491155482150951,87.4956685054799,356.4333116272648,0.5,0.5,2026-07-20,0701,N,VIIRS,n,2.0NRT,326.92,15.07,N,2026-07-20 07:00:00,0.6843945063359033,SYNTH_3_00021,4,39715.515467787394,36212.66952683469,107309.48293629987,30762.97160209681,329.0351996176573,3,wildfire,synthetic
33.49299461010985,70.78676175618456,327.8536478749828,0.5,0.5,2026-07-20,1001,N,VIIRS,n,2.0NRT,294.66,20.61,N,2026-07-20 10:00:00,0.8803565067808088,SYNTH_3_00022,2,35082.64195233037,35386.584607172765,80491.39657094477,11629.760428509093,151.14753635155887,3,wildfire,synthetic
32.96322823499555,91.87061368855275,333.85463287771825,0.5,0.5,2026-07-20,0801,N,VIIRS,n,2.0NRT,300.17,17.82,N,2026-07-20 08:00:00,0.7503108550185636,SYNTH_3_00023,4,16002.23994058579,19877.535740426323,83553.84887196725,19568.603835966132,392.560949072122,3,wildfire,synthetic
14.356487277880337,74.04300090161544,370.80263940968786,0.5,0.5,2026-07-20,0301,N,VIIRS,n,2.0NRT,335.73,9.51,N,2026-07-20 03:00:00,0.8788444249318252,SYNTH_3_00024,3,25740.455608604418,22335.05052779419,86892.12433006246,22034.166264593132,386.2554003659831,3,wildfire,synthetic
33.37744177256839,96.29227372902359,344.8456393572996,0.5,0.5,2026-07-20,0401,N,VIIRS,n,2.0NRT,322.1,20.52,D,2026-07-20 04:00:00,0.8519043693241762,SYNTH_3_00025,3,37362.344837832774,23656.52048144409,123693.01503703944,24453.80737088916,112.62203678605397,3,wildfire,synthetic
9.434314977234454,85.44519512122446,322.6493479338737,0.5,0.5,2026-07-20,0901,N,VIIRS,n,2.0NRT,297.19,3.66,N,2026-07-20 09:00:00,0.724539183023397,SYNTH_3_00026,3,6912.092226723431,13133.577709202564,59870.541251675044,44116.816828683026,396.20903372965756,3,wildfire,synthetic
9.91629711666245,68.03095648565967,328.1480625046102,0.5,0.5,2026-07-20,1001,N,VIIRS,n,2.0NRT,300.03,14.06,D,2026-07-20 10:00:00,0.5899794150956522,SYNTH_3_00027,3,15856.306500276907,23337.643857725478,102817.33592243781,25757.24762867813,21.541321901155527,3,wildfire,synthetic
13.669108777878119,87.70628326705977,362.9045939336693,0.5,0.5,2026-07-20,1601,N,VIIRS,n,2.0NRT,320.48,12.47,D,2026-07-20 16:00:00,0.7359012102555581,SYNTH_3_00028,5,43381.34668721263,31067.596938879033,81017.10592600865,28751.0963092325,412.0552182225824,3,wildfire,synthetic
25.704066952911866,73.9563186324998,329.2302166140698,0.5,0.5,2026-07-20,1201,N,VIIRS,n,2.0NRT,295.16,6.53,N,2026-07-20 12:00:00,0.7920226709474586,SYNTH_3_00029,3,23771.239520666844,16144.92741634967,66402.56383964219,15588.966420285622,74.45884456092689,3,wildfire,synthetic
36.90363913405545,69.28107798538068,317.61975477096337,0.5,0.5,2026-07-20,0601,N,VIIRS,n,2.0NRT,280.0,9.29,D,2026-07-20 06:00:00,0.5689381320019605,SYNTH_3_00030,1,0.0,11241.769231317076,136373.44877835707,21600.07449066081,334.8676514785409,3,wildfire,synthetic
17.31148316594379,73.60304135090878,349.10940060061245,0.5,0.5,2026-07-20,1901,N,VIIRS,n,2.0NRT,306.35,20.83,N,2026-07-20 19:00:00,0.8066187758574833,SYNTH_3_00031,5,18405.368546439007,11895.084109561045,48555.50838356047,22778.549877293157,219.24118425471778,3,wildfire,synthetic
21.0803485053724,84.47009268242628,330.99544505351656,0.5,0.5,2026-07-20,0301,N,VIIRS,n,2.0NRT,299.98,25.22,N,2026-07-20 03:00:00,0.6969023495444285,SYNTH_3_00032,7,37538.47374945313,22611.8796344598,75574.77175400613,5730.728262025605,159.4122587740382,3,wildfire,synthetic
29.91064673172939,75.46524850801578,334.93971442577106,0.5,0.5,2026-07-20,2001,N,VIIRS,n,2.0NRT,304.12,17.42,D,2026-07-20 20:00:00,0.8274494703865372,SYNTH_3_00033,2,24537.54085787905,37656.832377379105,73121.86324539776,30994.026992270403,191.68960955493384,3,wildfire,synthetic
27.732145364427737,84.31737240112606,358.6598543594779,0.5,0.5,2026-07-20,1301,N,VIIRS,n,2.0NRT,324.75,20.3,N,2026-07-20 13:00:00,0.9036965653917645,SYNTH_3_00034,5,42392.13761483564,18625.497791357782,103056.83114519624,16387.593796676087,182.80263793374667,3,wildfire,synthetic
12.657061064962642,90.4723291980585,306.7940105539999,0.5,0.5,2026-07-20,2001,N,VIIRS,n,2.0NRT,282.44,24.55,N,2026-07-20 20:00:00,0.8295838655219774,SYNTH_3_00035,0,25725.621377408417,24254.016702346846,43576.1363838508,21790.896602346704,420.42112924816104,3,wildfire,synthetic
24.367387730416176,96.48218459321748,357.69790686998806,0.5,0.5,2026-07-20,0601,N,VIIRS,n,2.0NRT,327.68,17.06,N,2026-07-20 06:00:00,0.6838583107693184,SYNTH_3_00036,0,11110.424413198934,13311.839246721129,91871.8569387665,3240.380605103732,253.7124526028477,3,wildfire,synthetic
21.44659572576353,88.01367631777534,311.19745575964316,0.5,0.5,2026-07-20,0101,N,VIIRS,n,2.0NRT,280.0,24.86,D,2026-07-20 01:00:00,0.631999922153274,SYNTH_3_00037,3,34654.84361901804,15923.974430708848,104138.3907257464,27089.14377252184,400.3471007676024,3,wildfire,synthetic
10.807494329844172,95.47227407615853,351.02047717098645,0.5,0.5,2026-07-20,1201,N,VIIRS,n,2.0NRT,314.67,10.51,N,2026-07-20 12:00:00,0.7728770028928938,SYNTH_3_00038,0,36609.59527510013,24636.404411475625,34388.58525374462,20885.716351033065,269.04346835753887,3,wildfire,synthetic
35.80251825318609,69.17157763642274,374.2285730929896,0.5,0.5,2026-07-20,0401,N,VIIRS,n,2.0NRT,342.89,18.3,N,2026-07-20 04:00:00,0.815788801043318,SYNTH_3_00039,4,57528.94632661992,20075.758977185586,62074.10327335267,25850.167584224193,232.6789235266674,3,wildfire,synthetic
24.45599529293038,79.5197657427119,346.4709673362087,0.5,0.5,2026-07-20,2301,N,VIIRS,n,2.0NRT,313.36,22.33,D,2026-07-20 23:00:00,0.8062272871914493,SYNTH_3_00040,3,9497.41278121972,25173.644835254552,156953.41827061132,26195.598959775798,134.85454754598425,3,wildfire,synthetic
32.42248500998929,95.35808818705773,323.8785130811459,0.5,0.5,2026-07-20,1201,N,VIIRS,n,2.0NRT,289.0,22.33,N,2026-07-20 12:00:00,0.7120313474857439,SYNTH_3_00041,5,29523.373428344465,11857.108808192226,136502.08733973026,33210.71464154686,295.15086309000884,3,wildfire,synthetic
19.35369840884851,70.60284382228467,352.907160702047,0.5,0.5,2026-07-20,2301,N,VIIRS,n,2.0NRT,323.34,17.92,N,2026-07-20 23:00:00,0.779123141684738,SYNTH_3_00042,4,42683.336707037146,33034.30518919612,0.0,19143.05300646086,160.24187669472585,3,wildfire,synthetic
36.33858916751636,74.8544526261228,334.6400761225178,0.5,0.5,2026-07-20,0901,N,VIIRS,n,2.0NRT,301.26,17.69,D,2026-07-20 09:00:00,0.8977393634170036,SYNTH_3_00043,2,18489.306158658103,26159.912401095622,24507.36593786545,38760.85805255392,252.31829355677988,3,wildfire,synthetic
33.05996804658902,95.51645010316774,349.46953725360487,0.5,0.5,2026-07-20,2201,N,VIIRS,n,2.0NRT,307.63,13.37,D,2026-07-20 22:00:00,0.8194670611628408,SYNTH_3_00044,2,28070.882201250675,27865.73327262736,89692.185868005,26618.79829969463,129.7381507289954,3,wildfire,synthetic
20.60803265746234,74.63072247720132,386.7132976422389,0.5,0.5,2026-07-20,0401,N,VIIRS,n,2.0NRT,348.44,8.18,N,2026-07-20 04:00:00,0.8471139006822912,SYNTH_3_00045,5,25336.266244310522,20044.96457603191,82670.69105361371,25514.775366875656,348.14235300406756,3,wildfire,synthetic
21.860450841455098,80.23121581872228,347.7429583882842,0.5,0.5,2026-07-20,1601,N,VIIRS,n,2.0NRT,310.94,20.96,N,2026-07-20 16:00:00,0.663180656935922,SYNTH_3_00046,2,5374.441018505706,24132.537503913547,87079.29258706923,18040.11065923262,0.0,3,wildfire,synthetic
30.67095437964441,80.41692604175732,371.0089505411108,0.5,0.5,2026-07-20,1901,N,VIIRS,n,2.0NRT,336.58,3.87,D,2026-07-20 19:00:00,0.7790040396483535,SYNTH_3_00047,3,52909.35750258022,35647.96090530463,79270.20325495298,16661.018336166766,140.93459861765618,3,wildfire,synthetic
29.36061970035626,81.33157446915416,344.2243179890688,0.5,0.5,2026-07-20,1501,N,VIIRS,n,2.0NRT,316.36,33.4,D,2026-07-20 15:00:00,0.7857319422710627,SYNTH_3_00048,7,36555.526878993376,15478.50053634048,60118.42720944059,26137.35359513489,298.6263890958378,3,wildfire,synthetic
16.448554153195506,83.35234926676233,352.2129221851194,0.5,0.5,2026-07-20,1901,N,VIIRS,n,2.0NRT,316.64,0.86,N,2026-07-20 19:00:00,0.7486584213075191,SYNTH_3_00049,6,0.0,20283.155856989062,84302.03511785876,40863.988752028956,5.143450449653244,3,wildfire,synthetic
28.445817699201594,70.02801731282898,356.1400568231417,0.5,0.5,2026-07-20,0401,N,VIIRS,n,2.0NRT,326.66,17.64,D,2026-07-20 04:00:00,0.83780585789082,SYNTH_3_00050,2,8523.96379737353,24955.311755483843,96255.93371502146,16453.362206271027,177.27776696092238,3,wildfire,synthetic
